category_name,date,brand_name,trend_index,month
Liquor Retailer,2021-08-29,Dan Murphy's,12,2021-08-01
Liquor Retailer,2021-08-29,BWS,38,2021-08-01
Liquor Retailer,2021-08-29,Liquorland,19,2021-08-01
Liquor Retailer,2021-08-29,Cellarbrations,2,2021-08-01
Liquor Retailer,2021-08-29,First Choice,11,2021-08-01
Liquor Retailer,2021-09-05,Dan Murphy's,10,2021-09-01
Liquor Retailer,2021-09-05,BWS,34,2021-09-01
Liquor Retailer,2021-09-05,Liquorland,17,2021-09-01
Liquor Retailer,2021-09-05,Cellarbrations,2,2021-09-01
Liquor Retailer,2021-09-05,First Choice,10,2021-09-01
Liquor Retailer,2021-09-12,Dan Murphy's,10,2021-09-01
Liquor Retailer,2021-09-12,BWS,32,2021-09-01
Liquor Retailer,2021-09-12,Liquorland,17,2021-09-01
Liquor Retailer,2021-09-12,Cellarbrations,2,2021-09-01
Liquor Retailer,2021-09-12,First Choice,10,2021-09-01
Liquor Retailer,2021-09-19,Dan Murphy's,11,2021-09-01
Liquor Retailer,2021-09-19,BWS,35,2021-09-01
Liquor Retailer,2021-09-19,Liquorland,20,2021-09-01
Liquor Retailer,2021-09-19,Cellarbrations,2,2021-09-01
Liquor Retailer,2021-09-19,First Choice,11,2021-09-01
Liquor Retailer,2021-09-26,Dan Murphy's,10,2021-09-01
Liquor Retailer,2021-09-26,BWS,31,2021-09-01
Liquor Retailer,2021-09-26,Liquorland,17,2021-09-01
Liquor Retailer,2021-09-26,Cellarbrations,2,2021-09-01
Liquor Retailer,2021-09-26,First Choice,10,2021-09-01
Liquor Retailer,2021-10-03,Dan Murphy's,10,2021-10-01
Liquor Retailer,2021-10-03,BWS,42,2021-10-01
Liquor Retailer,2021-10-03,Liquorland,17,2021-10-01
Liquor Retailer,2021-10-03,Cellarbrations,2,2021-10-01
Liquor Retailer,2021-10-03,First Choice,11,2021-10-01
Liquor Retailer,2021-10-10,Dan Murphy's,9,2021-10-01
Liquor Retailer,2021-10-10,BWS,31,2021-10-01
Liquor Retailer,2021-10-10,Liquorland,15,2021-10-01
Liquor Retailer,2021-10-10,Cellarbrations,2,2021-10-01
Liquor Retailer,2021-10-10,First Choice,9,2021-10-01
Liquor Retailer,2021-10-17,Dan Murphy's,10,2021-10-01
Liquor Retailer,2021-10-17,BWS,31,2021-10-01
Liquor Retailer,2021-10-17,Liquorland,16,2021-10-01
Liquor Retailer,2021-10-17,Cellarbrations,2,2021-10-01
Liquor Retailer,2021-10-17,First Choice,10,2021-10-01
Liquor Retailer,2021-10-24,Dan Murphy's,11,2021-10-01
Liquor Retailer,2021-10-24,BWS,35,2021-10-01
Liquor Retailer,2021-10-24,Liquorland,18,2021-10-01
Liquor Retailer,2021-10-24,Cellarbrations,2,2021-10-01
Liquor Retailer,2021-10-24,First Choice,12,2021-10-01
Liquor Retailer,2021-10-31,Dan Murphy's,10,2021-10-01
Liquor Retailer,2021-10-31,BWS,31,2021-10-01
Liquor Retailer,2021-10-31,Liquorland,18,2021-10-01
Liquor Retailer,2021-10-31,Cellarbrations,2,2021-10-01
Liquor Retailer,2021-10-31,First Choice,11,2021-10-01
Liquor Retailer,2021-11-07,Dan Murphy's,10,2021-11-01
Liquor Retailer,2021-11-07,BWS,30,2021-11-01
Liquor Retailer,2021-11-07,Liquorland,17,2021-11-01
Liquor Retailer,2021-11-07,Cellarbrations,2,2021-11-01
Liquor Retailer,2021-11-07,First Choice,10,2021-11-01
Liquor Retailer,2021-11-14,Dan Murphy's,11,2021-11-01
Liquor Retailer,2021-11-14,BWS,33,2021-11-01
Liquor Retailer,2021-11-14,Liquorland,18,2021-11-01
Liquor Retailer,2021-11-14,Cellarbrations,2,2021-11-01
Liquor Retailer,2021-11-14,First Choice,10,2021-11-01
Liquor Retailer,2021-11-21,Dan Murphy's,12,2021-11-01
Liquor Retailer,2021-11-21,BWS,34,2021-11-01
Liquor Retailer,2021-11-21,Liquorland,19,2021-11-01
Liquor Retailer,2021-11-21,Cellarbrations,3,2021-11-01
Liquor Retailer,2021-11-21,First Choice,13,2021-11-01
Liquor Retailer,2021-11-28,Dan Murphy's,14,2021-11-01
Liquor Retailer,2021-11-28,BWS,40,2021-11-01
Liquor Retailer,2021-11-28,Liquorland,22,2021-11-01
Liquor Retailer,2021-11-28,Cellarbrations,3,2021-11-01
Liquor Retailer,2021-11-28,First Choice,13,2021-11-01
Liquor Retailer,2021-12-05,Dan Murphy's,17,2021-12-01
Liquor Retailer,2021-12-05,BWS,42,2021-12-01
Liquor Retailer,2021-12-05,Liquorland,25,2021-12-01
Liquor Retailer,2021-12-05,Cellarbrations,3,2021-12-01
Liquor Retailer,2021-12-05,First Choice,15,2021-12-01
Liquor Retailer,2021-12-12,Dan Murphy's,23,2021-12-01
Liquor Retailer,2021-12-12,BWS,57,2021-12-01
Liquor Retailer,2021-12-12,Liquorland,31,2021-12-01
Liquor Retailer,2021-12-12,Cellarbrations,4,2021-12-01
Liquor Retailer,2021-12-12,First Choice,20,2021-12-01
Liquor Retailer,2021-12-19,Dan Murphy's,36,2021-12-01
Liquor Retailer,2021-12-19,BWS,100,2021-12-01
Liquor Retailer,2021-12-19,Liquorland,49,2021-12-01
Liquor Retailer,2021-12-19,Cellarbrations,7,2021-12-01
Liquor Retailer,2021-12-19,First Choice,28,2021-12-01
Liquor Retailer,2021-12-26,Dan Murphy's,20,2021-12-01
Liquor Retailer,2021-12-26,BWS,75,2021-12-01
Liquor Retailer,2021-12-26,Liquorland,31,2021-12-01
Liquor Retailer,2021-12-26,Cellarbrations,5,2021-12-01
Liquor Retailer,2021-12-26,First Choice,17,2021-12-01
Liquor Retailer,2022-01-02,Dan Murphy's,9,2022-01-01
Liquor Retailer,2022-01-02,BWS,31,2022-01-01
Liquor Retailer,2022-01-02,Liquorland,17,2022-01-01
Liquor Retailer,2022-01-02,Cellarbrations,3,2022-01-01
Liquor Retailer,2022-01-02,First Choice,10,2022-01-01
Liquor Retailer,2022-01-09,Dan Murphy's,8,2022-01-01
Liquor Retailer,2022-01-09,BWS,31,2022-01-01
Liquor Retailer,2022-01-09,Liquorland,14,2022-01-01
Liquor Retailer,2022-01-09,Cellarbrations,2,2022-01-01
Liquor Retailer,2022-01-09,First Choice,8,2022-01-01
Liquor Retailer,2022-01-16,Dan Murphy's,8,2022-01-01
Liquor Retailer,2022-01-16,BWS,30,2022-01-01
Liquor Retailer,2022-01-16,Liquorland,15,2022-01-01
Liquor Retailer,2022-01-16,Cellarbrations,2,2022-01-01
Liquor Retailer,2022-01-16,First Choice,8,2022-01-01
Liquor Retailer,2022-01-23,Dan Murphy's,11,2022-01-01
Liquor Retailer,2022-01-23,BWS,38,2022-01-01
Liquor Retailer,2022-01-23,Liquorland,18,2022-01-01
Liquor Retailer,2022-01-23,Cellarbrations,3,2022-01-01
Liquor Retailer,2022-01-23,First Choice,10,2022-01-01
Liquor Retailer,2022-01-30,Dan Murphy's,9,2022-01-01
Liquor Retailer,2022-01-30,BWS,30,2022-01-01
Liquor Retailer,2022-01-30,Liquorland,15,2022-01-01
Liquor Retailer,2022-01-30,Cellarbrations,3,2022-01-01
Liquor Retailer,2022-01-30,First Choice,9,2022-01-01
Liquor Retailer,2022-02-06,Dan Murphy's,9,2022-02-01
Liquor Retailer,2022-02-06,BWS,29,2022-02-01
Liquor Retailer,2022-02-06,Liquorland,15,2022-02-01
Liquor Retailer,2022-02-06,Cellarbrations,2,2022-02-01
Liquor Retailer,2022-02-06,First Choice,9,2022-02-01
Liquor Retailer,2022-02-13,Dan Murphy's,10,2022-02-01
Liquor Retailer,2022-02-13,BWS,30,2022-02-01
Liquor Retailer,2022-02-13,Liquorland,15,2022-02-01
Liquor Retailer,2022-02-13,Cellarbrations,3,2022-02-01
Liquor Retailer,2022-02-13,First Choice,10,2022-02-01
Liquor Retailer,2022-02-20,Dan Murphy's,11,2022-02-01
Liquor Retailer,2022-02-20,BWS,27,2022-02-01
Liquor Retailer,2022-02-20,Liquorland,13,2022-02-01
Liquor Retailer,2022-02-20,Cellarbrations,2,2022-02-01
Liquor Retailer,2022-02-20,First Choice,9,2022-02-01
Liquor Retailer,2022-02-27,Dan Murphy's,12,2022-02-01
Liquor Retailer,2022-02-27,BWS,27,2022-02-01
Liquor Retailer,2022-02-27,Liquorland,14,2022-02-01
Liquor Retailer,2022-02-27,Cellarbrations,2,2022-02-01
Liquor Retailer,2022-02-27,First Choice,9,2022-02-01
Liquor Retailer,2022-03-06,Dan Murphy's,13,2022-03-01
Liquor Retailer,2022-03-06,BWS,27,2022-03-01
Liquor Retailer,2022-03-06,Liquorland,15,2022-03-01
Liquor Retailer,2022-03-06,Cellarbrations,2,2022-03-01
Liquor Retailer,2022-03-06,First Choice,9,2022-03-01
Liquor Retailer,2022-03-13,Dan Murphy's,12,2022-03-01
Liquor Retailer,2022-03-13,BWS,26,2022-03-01
Liquor Retailer,2022-03-13,Liquorland,14,2022-03-01
Liquor Retailer,2022-03-13,Cellarbrations,2,2022-03-01
Liquor Retailer,2022-03-13,First Choice,9,2022-03-01
Liquor Retailer,2022-03-20,Dan Murphy's,17,2022-03-01
Liquor Retailer,2022-03-20,BWS,25,2022-03-01
Liquor Retailer,2022-03-20,Liquorland,14,2022-03-01
Liquor Retailer,2022-03-20,Cellarbrations,2,2022-03-01
Liquor Retailer,2022-03-20,First Choice,8,2022-03-01
Liquor Retailer,2022-03-27,Dan Murphy's,23,2022-03-01
Liquor Retailer,2022-03-27,BWS,27,2022-03-01
Liquor Retailer,2022-03-27,Liquorland,13,2022-03-01
Liquor Retailer,2022-03-27,Cellarbrations,2,2022-03-01
Liquor Retailer,2022-03-27,First Choice,8,2022-03-01
Liquor Retailer,2022-04-03,Dan Murphy's,24,2022-04-01
Liquor Retailer,2022-04-03,BWS,29,2022-04-01
Liquor Retailer,2022-04-03,Liquorland,14,2022-04-01
Liquor Retailer,2022-04-03,Cellarbrations,2,2022-04-01
Liquor Retailer,2022-04-03,First Choice,8,2022-04-01
Liquor Retailer,2022-04-10,Dan Murphy's,48,2022-04-01
Liquor Retailer,2022-04-10,BWS,54,2022-04-01
Liquor Retailer,2022-04-10,Liquorland,24,2022-04-01
Liquor Retailer,2022-04-10,Cellarbrations,5,2022-04-01
Liquor Retailer,2022-04-10,First Choice,13,2022-04-01
Liquor Retailer,2022-04-17,Dan Murphy's,30,2022-04-01
Liquor Retailer,2022-04-17,BWS,34,2022-04-01
Liquor Retailer,2022-04-17,Liquorland,16,2022-04-01
Liquor Retailer,2022-04-17,Cellarbrations,3,2022-04-01
Liquor Retailer,2022-04-17,First Choice,9,2022-04-01
Liquor Retailer,2022-04-24,Dan Murphy's,27,2022-04-01
Liquor Retailer,2022-04-24,BWS,36,2022-04-01
Liquor Retailer,2022-04-24,Liquorland,16,2022-04-01
Liquor Retailer,2022-04-24,Cellarbrations,2,2022-04-01
Liquor Retailer,2022-04-24,First Choice,9,2022-04-01
Liquor Retailer,2022-05-01,Dan Murphy's,25,2022-05-01
Liquor Retailer,2022-05-01,BWS,29,2022-05-01
Liquor Retailer,2022-05-01,Liquorland,15,2022-05-01
Liquor Retailer,2022-05-01,Cellarbrations,2,2022-05-01
Liquor Retailer,2022-05-01,First Choice,9,2022-05-01
Liquor Retailer,2022-05-08,Dan Murphy's,22,2022-05-01
Liquor Retailer,2022-05-08,BWS,26,2022-05-01
Liquor Retailer,2022-05-08,Liquorland,13,2022-05-01
Liquor Retailer,2022-05-08,Cellarbrations,2,2022-05-01
Liquor Retailer,2022-05-08,First Choice,8,2022-05-01
Liquor Retailer,2022-05-15,Dan Murphy's,23,2022-05-01
Liquor Retailer,2022-05-15,BWS,24,2022-05-01
Liquor Retailer,2022-05-15,Liquorland,12,2022-05-01
Liquor Retailer,2022-05-15,Cellarbrations,2,2022-05-01
Liquor Retailer,2022-05-15,First Choice,8,2022-05-01
Liquor Retailer,2022-05-22,Dan Murphy's,21,2022-05-01
Liquor Retailer,2022-05-22,BWS,26,2022-05-01
Liquor Retailer,2022-05-22,Liquorland,13,2022-05-01
Liquor Retailer,2022-05-22,Cellarbrations,2,2022-05-01
Liquor Retailer,2022-05-22,First Choice,8,2022-05-01
Liquor Retailer,2022-05-29,Dan Murphy's,23,2022-05-01
Liquor Retailer,2022-05-29,BWS,25,2022-05-01
Liquor Retailer,2022-05-29,Liquorland,12,2022-05-01
Liquor Retailer,2022-05-29,Cellarbrations,2,2022-05-01
Liquor Retailer,2022-05-29,First Choice,7,2022-05-01
Liquor Retailer,2022-06-05,Dan Murphy's,23,2022-06-01
Liquor Retailer,2022-06-05,BWS,27,2022-06-01
Liquor Retailer,2022-06-05,Liquorland,13,2022-06-01
Liquor Retailer,2022-06-05,Cellarbrations,2,2022-06-01
Liquor Retailer,2022-06-05,First Choice,8,2022-06-01
Liquor Retailer,2022-06-12,Dan Murphy's,25,2022-06-01
Liquor Retailer,2022-06-12,BWS,29,2022-06-01
Liquor Retailer,2022-06-12,Liquorland,15,2022-06-01
Liquor Retailer,2022-06-12,Cellarbrations,2,2022-06-01
Liquor Retailer,2022-06-12,First Choice,8,2022-06-01
Liquor Retailer,2022-06-19,Dan Murphy's,29,2022-06-01
Liquor Retailer,2022-06-19,BWS,28,2022-06-01
Liquor Retailer,2022-06-19,Liquorland,13,2022-06-01
Liquor Retailer,2022-06-19,Cellarbrations,2,2022-06-01
Liquor Retailer,2022-06-19,First Choice,8,2022-06-01
Liquor Retailer,2022-06-26,Dan Murphy's,23,2022-06-01
Liquor Retailer,2022-06-26,BWS,29,2022-06-01
Liquor Retailer,2022-06-26,Liquorland,14,2022-06-01
Liquor Retailer,2022-06-26,Cellarbrations,2,2022-06-01
Liquor Retailer,2022-06-26,First Choice,8,2022-06-01
Liquor Retailer,2022-07-03,Dan Murphy's,14,2022-07-01
Liquor Retailer,2022-07-03,BWS,26,2022-07-01
Liquor Retailer,2022-07-03,Liquorland,14,2022-07-01
Liquor Retailer,2022-07-03,Cellarbrations,2,2022-07-01
Liquor Retailer,2022-07-03,First Choice,8,2022-07-01
Liquor Retailer,2022-07-10,Dan Murphy's,13,2022-07-01
Liquor Retailer,2022-07-10,BWS,25,2022-07-01
Liquor Retailer,2022-07-10,Liquorland,14,2022-07-01
Liquor Retailer,2022-07-10,Cellarbrations,2,2022-07-01
Liquor Retailer,2022-07-10,First Choice,8,2022-07-01
Liquor Retailer,2022-07-17,Dan Murphy's,13,2022-07-01
Liquor Retailer,2022-07-17,BWS,26,2022-07-01
Liquor Retailer,2022-07-17,Liquorland,13,2022-07-01
Liquor Retailer,2022-07-17,Cellarbrations,2,2022-07-01
Liquor Retailer,2022-07-17,First Choice,8,2022-07-01
Liquor Retailer,2022-07-24,Dan Murphy's,12,2022-07-01
Liquor Retailer,2022-07-24,BWS,24,2022-07-01
Liquor Retailer,2022-07-24,Liquorland,12,2022-07-01
Liquor Retailer,2022-07-24,Cellarbrations,2,2022-07-01
Liquor Retailer,2022-07-24,First Choice,8,2022-07-01
Liquor Retailer,2022-07-31,Dan Murphy's,13,2022-07-01
Liquor Retailer,2022-07-31,BWS,26,2022-07-01
Liquor Retailer,2022-07-31,Liquorland,14,2022-07-01
Liquor Retailer,2022-07-31,Cellarbrations,2,2022-07-01
Liquor Retailer,2022-07-31,First Choice,8,2022-07-01
Liquor Retailer,2022-08-07,Dan Murphy's,13,2022-08-01
Liquor Retailer,2022-08-07,BWS,27,2022-08-01
Liquor Retailer,2022-08-07,Liquorland,14,2022-08-01
Liquor Retailer,2022-08-07,Cellarbrations,2,2022-08-01
Liquor Retailer,2022-08-07,First Choice,8,2022-08-01
Liquor Retailer,2022-08-14,Dan Murphy's,14,2022-08-01
Liquor Retailer,2022-08-14,BWS,28,2022-08-01
Liquor Retailer,2022-08-14,Liquorland,14,2022-08-01
Liquor Retailer,2022-08-14,Cellarbrations,2,2022-08-01
Liquor Retailer,2022-08-14,First Choice,9,2022-08-01
Liquor Retailer,2022-08-21,Dan Murphy's,14,2022-08-01
Liquor Retailer,2022-08-21,BWS,28,2022-08-01
Liquor Retailer,2022-08-21,Liquorland,14,2022-08-01
Liquor Retailer,2022-08-21,Cellarbrations,2,2022-08-01
Liquor Retailer,2022-08-21,First Choice,8,2022-08-01
Liquor Retailer,2022-08-28,Dan Murphy's,17,2022-08-01
Liquor Retailer,2022-08-28,BWS,29,2022-08-01
Liquor Retailer,2022-08-28,Liquorland,16,2022-08-01
Liquor Retailer,2022-08-28,Cellarbrations,2,2022-08-01
Liquor Retailer,2022-08-28,First Choice,9,2022-08-01
Liquor Retailer,2022-09-04,Dan Murphy's,17,2022-09-01
Liquor Retailer,2022-09-04,BWS,28,2022-09-01
Liquor Retailer,2022-09-04,Liquorland,14,2022-09-01
Liquor Retailer,2022-09-04,Cellarbrations,2,2022-09-01
Liquor Retailer,2022-09-04,First Choice,8,2022-09-01
Liquor Retailer,2022-09-11,Dan Murphy's,14,2022-09-01
Liquor Retailer,2022-09-11,BWS,28,2022-09-01
Liquor Retailer,2022-09-11,Liquorland,14,2022-09-01
Liquor Retailer,2022-09-11,Cellarbrations,2,2022-09-01
Liquor Retailer,2022-09-11,First Choice,8,2022-09-01
Liquor Retailer,2022-09-18,Dan Murphy's,19,2022-09-01
Liquor Retailer,2022-09-18,BWS,38,2022-09-01
Liquor Retailer,2022-09-18,Liquorland,19,2022-09-01
Liquor Retailer,2022-09-18,Cellarbrations,3,2022-09-01
Liquor Retailer,2022-09-18,First Choice,10,2022-09-01
Liquor Retailer,2022-09-25,Dan Murphy's,17,2022-09-01
Liquor Retailer,2022-09-25,BWS,30,2022-09-01
Liquor Retailer,2022-09-25,Liquorland,15,2022-09-01
Liquor Retailer,2022-09-25,Cellarbrations,2,2022-09-01
Liquor Retailer,2022-09-25,First Choice,9,2022-09-01
Liquor Retailer,2022-10-02,Dan Murphy's,15,2022-10-01
Liquor Retailer,2022-10-02,BWS,30,2022-10-01
Liquor Retailer,2022-10-02,Liquorland,15,2022-10-01
Liquor Retailer,2022-10-02,Cellarbrations,2,2022-10-01
Liquor Retailer,2022-10-02,First Choice,9,2022-10-01
Liquor Retailer,2022-10-09,Dan Murphy's,15,2022-10-01
Liquor Retailer,2022-10-09,BWS,28,2022-10-01
Liquor Retailer,2022-10-09,Liquorland,14,2022-10-01
Liquor Retailer,2022-10-09,Cellarbrations,2,2022-10-01
Liquor Retailer,2022-10-09,First Choice,8,2022-10-01
Liquor Retailer,2022-10-16,Dan Murphy's,14,2022-10-01
Liquor Retailer,2022-10-16,BWS,27,2022-10-01
Liquor Retailer,2022-10-16,Liquorland,14,2022-10-01
Liquor Retailer,2022-10-16,Cellarbrations,2,2022-10-01
Liquor Retailer,2022-10-16,First Choice,8,2022-10-01
Liquor Retailer,2022-10-23,Dan Murphy's,15,2022-10-01
Liquor Retailer,2022-10-23,BWS,29,2022-10-01
Liquor Retailer,2022-10-23,Liquorland,15,2022-10-01
Liquor Retailer,2022-10-23,Cellarbrations,2,2022-10-01
Liquor Retailer,2022-10-23,First Choice,9,2022-10-01
Liquor Retailer,2022-10-30,Dan Murphy's,15,2022-10-01
Liquor Retailer,2022-10-30,BWS,30,2022-10-01
Liquor Retailer,2022-10-30,Liquorland,15,2022-10-01
Liquor Retailer,2022-10-30,Cellarbrations,2,2022-10-01
Liquor Retailer,2022-10-30,First Choice,9,2022-10-01
Liquor Retailer,2022-11-06,Dan Murphy's,15,2022-11-01
Liquor Retailer,2022-11-06,BWS,29,2022-11-01
Liquor Retailer,2022-11-06,Liquorland,15,2022-11-01
Liquor Retailer,2022-11-06,Cellarbrations,2,2022-11-01
Liquor Retailer,2022-11-06,First Choice,9,2022-11-01
Liquor Retailer,2022-11-13,Dan Murphy's,16,2022-11-01
Liquor Retailer,2022-11-13,BWS,29,2022-11-01
Liquor Retailer,2022-11-13,Liquorland,17,2022-11-01
Liquor Retailer,2022-11-13,Cellarbrations,2,2022-11-01
Liquor Retailer,2022-11-13,First Choice,10,2022-11-01
Liquor Retailer,2022-11-20,Dan Murphy's,17,2022-11-01
Liquor Retailer,2022-11-20,BWS,31,2022-11-01
Liquor Retailer,2022-11-20,Liquorland,17,2022-11-01
Liquor Retailer,2022-11-20,Cellarbrations,2,2022-11-01
Liquor Retailer,2022-11-20,First Choice,10,2022-11-01
Liquor Retailer,2022-11-27,Dan Murphy's,19,2022-11-01
Liquor Retailer,2022-11-27,BWS,36,2022-11-01
Liquor Retailer,2022-11-27,Liquorland,18,2022-11-01
Liquor Retailer,2022-11-27,Cellarbrations,2,2022-11-01
Liquor Retailer,2022-11-27,First Choice,11,2022-11-01
Liquor Retailer,2022-12-04,Dan Murphy's,23,2022-12-01
Liquor Retailer,2022-12-04,BWS,36,2022-12-01
Liquor Retailer,2022-12-04,Liquorland,19,2022-12-01
Liquor Retailer,2022-12-04,Cellarbrations,3,2022-12-01
Liquor Retailer,2022-12-04,First Choice,12,2022-12-01
Liquor Retailer,2022-12-11,Dan Murphy's,27,2022-12-01
Liquor Retailer,2022-12-11,BWS,47,2022-12-01
Liquor Retailer,2022-12-11,Liquorland,22,2022-12-01
Liquor Retailer,2022-12-11,Cellarbrations,3,2022-12-01
Liquor Retailer,2022-12-11,First Choice,15,2022-12-01
Liquor Retailer,2022-12-18,Dan Murphy's,57,2022-12-01
Liquor Retailer,2022-12-18,BWS,90,2022-12-01
Liquor Retailer,2022-12-18,Liquorland,44,2022-12-01
Liquor Retailer,2022-12-18,Cellarbrations,5,2022-12-01
Liquor Retailer,2022-12-18,First Choice,24,2022-12-01
Liquor Retailer,2022-12-25,Dan Murphy's,32,2022-12-01
Liquor Retailer,2022-12-25,BWS,75,2022-12-01
Liquor Retailer,2022-12-25,Liquorland,29,2022-12-01
Liquor Retailer,2022-12-25,Cellarbrations,6,2022-12-01
Liquor Retailer,2022-12-25,First Choice,14,2022-12-01
Liquor Retailer,2023-01-01,Dan Murphy's,17,2023-01-01
Liquor Retailer,2023-01-01,BWS,32,2023-01-01
Liquor Retailer,2023-01-01,Liquorland,17,2023-01-01
Liquor Retailer,2023-01-01,Cellarbrations,3,2023-01-01
Liquor Retailer,2023-01-01,First Choice,8,2023-01-01
Liquor Retailer,2023-01-08,Dan Murphy's,14,2023-01-01
Liquor Retailer,2023-01-08,BWS,29,2023-01-01
Liquor Retailer,2023-01-08,Liquorland,14,2023-01-01
Liquor Retailer,2023-01-08,Cellarbrations,2,2023-01-01
Liquor Retailer,2023-01-08,First Choice,9,2023-01-01
Liquor Retailer,2023-01-15,Dan Murphy's,15,2023-01-01
Liquor Retailer,2023-01-15,BWS,26,2023-01-01
Liquor Retailer,2023-01-15,Liquorland,13,2023-01-01
Liquor Retailer,2023-01-15,Cellarbrations,2,2023-01-01
Liquor Retailer,2023-01-15,First Choice,9,2023-01-01
Liquor Retailer,2023-01-22,Dan Murphy's,23,2023-01-01
Liquor Retailer,2023-01-22,BWS,44,2023-01-01
Liquor Retailer,2023-01-22,Liquorland,20,2023-01-01
Liquor Retailer,2023-01-22,Cellarbrations,3,2023-01-01
Liquor Retailer,2023-01-22,First Choice,10,2023-01-01
Liquor Retailer,2023-01-29,Dan Murphy's,14,2023-01-01
Liquor Retailer,2023-01-29,BWS,28,2023-01-01
Liquor Retailer,2023-01-29,Liquorland,14,2023-01-01
Liquor Retailer,2023-01-29,Cellarbrations,2,2023-01-01
Liquor Retailer,2023-01-29,First Choice,9,2023-01-01
Liquor Retailer,2023-02-05,Dan Murphy's,15,2023-02-01
Liquor Retailer,2023-02-05,BWS,29,2023-02-01
Liquor Retailer,2023-02-05,Liquorland,14,2023-02-01
Liquor Retailer,2023-02-05,Cellarbrations,2,2023-02-01
Liquor Retailer,2023-02-05,First Choice,9,2023-02-01
Liquor Retailer,2023-02-12,Dan Murphy's,15,2023-02-01
Liquor Retailer,2023-02-12,BWS,28,2023-02-01
Liquor Retailer,2023-02-12,Liquorland,16,2023-02-01
Liquor Retailer,2023-02-12,Cellarbrations,2,2023-02-01
Liquor Retailer,2023-02-12,First Choice,8,2023-02-01
Liquor Retailer,2023-02-19,Dan Murphy's,13,2023-02-01
Liquor Retailer,2023-02-19,BWS,26,2023-02-01
Liquor Retailer,2023-02-19,Liquorland,15,2023-02-01
Liquor Retailer,2023-02-19,Cellarbrations,2,2023-02-01
Liquor Retailer,2023-02-19,First Choice,8,2023-02-01
Liquor Retailer,2023-02-26,Dan Murphy's,13,2023-02-01
Liquor Retailer,2023-02-26,BWS,28,2023-02-01
Liquor Retailer,2023-02-26,Liquorland,14,2023-02-01
Liquor Retailer,2023-02-26,Cellarbrations,2,2023-02-01
Liquor Retailer,2023-02-26,First Choice,8,2023-02-01
Liquor Retailer,2023-03-05,Dan Murphy's,13,2023-03-01
Liquor Retailer,2023-03-05,BWS,30,2023-03-01
Liquor Retailer,2023-03-05,Liquorland,14,2023-03-01
Liquor Retailer,2023-03-05,Cellarbrations,2,2023-03-01
Liquor Retailer,2023-03-05,First Choice,9,2023-03-01
Liquor Retailer,2023-03-12,Dan Murphy's,13,2023-03-01
Liquor Retailer,2023-03-12,BWS,27,2023-03-01
Liquor Retailer,2023-03-12,Liquorland,14,2023-03-01
Liquor Retailer,2023-03-12,Cellarbrations,2,2023-03-01
Liquor Retailer,2023-03-12,First Choice,8,2023-03-01
Liquor Retailer,2023-03-19,Dan Murphy's,12,2023-03-01
Liquor Retailer,2023-03-19,BWS,28,2023-03-01
Liquor Retailer,2023-03-19,Liquorland,13,2023-03-01
Liquor Retailer,2023-03-19,Cellarbrations,2,2023-03-01
Liquor Retailer,2023-03-19,First Choice,8,2023-03-01
Liquor Retailer,2023-03-26,Dan Murphy's,12,2023-03-01
Liquor Retailer,2023-03-26,BWS,26,2023-03-01
Liquor Retailer,2023-03-26,Liquorland,13,2023-03-01
Liquor Retailer,2023-03-26,Cellarbrations,2,2023-03-01
Liquor Retailer,2023-03-26,First Choice,8,2023-03-01
Liquor Retailer,2023-04-02,Dan Murphy's,23,2023-04-01
Liquor Retailer,2023-04-02,BWS,54,2023-04-01
Liquor Retailer,2023-04-02,Liquorland,21,2023-04-01
Liquor Retailer,2023-04-02,Cellarbrations,4,2023-04-01
Liquor Retailer,2023-04-02,First Choice,12,2023-04-01
Liquor Retailer,2023-04-09,Dan Murphy's,16,2023-04-01
Liquor Retailer,2023-04-09,BWS,33,2023-04-01
Liquor Retailer,2023-04-09,Liquorland,16,2023-04-01
Liquor Retailer,2023-04-09,Cellarbrations,3,2023-04-01
Liquor Retailer,2023-04-09,First Choice,8,2023-04-01
Liquor Retailer,2023-04-16,Dan Murphy's,13,2023-04-01
Liquor Retailer,2023-04-16,BWS,27,2023-04-01
Liquor Retailer,2023-04-16,Liquorland,14,2023-04-01
Liquor Retailer,2023-04-16,Cellarbrations,2,2023-04-01
Liquor Retailer,2023-04-16,First Choice,8,2023-04-01
Liquor Retailer,2023-04-23,Dan Murphy's,16,2023-04-01
Liquor Retailer,2023-04-23,BWS,35,2023-04-01
Liquor Retailer,2023-04-23,Liquorland,17,2023-04-01
Liquor Retailer,2023-04-23,Cellarbrations,3,2023-04-01
Liquor Retailer,2023-04-23,First Choice,10,2023-04-01
Liquor Retailer,2023-04-30,Dan Murphy's,13,2023-04-01
Liquor Retailer,2023-04-30,BWS,25,2023-04-01
Liquor Retailer,2023-04-30,Liquorland,14,2023-04-01
Liquor Retailer,2023-04-30,Cellarbrations,2,2023-04-01
Liquor Retailer,2023-04-30,First Choice,8,2023-04-01
Liquor Retailer,2023-05-07,Dan Murphy's,11,2023-05-01
Liquor Retailer,2023-05-07,BWS,24,2023-05-01
Liquor Retailer,2023-05-07,Liquorland,13,2023-05-01
Liquor Retailer,2023-05-07,Cellarbrations,2,2023-05-01
Liquor Retailer,2023-05-07,First Choice,8,2023-05-01
Liquor Retailer,2023-05-14,Dan Murphy's,11,2023-05-01
Liquor Retailer,2023-05-14,BWS,26,2023-05-01
Liquor Retailer,2023-05-14,Liquorland,13,2023-05-01
Liquor Retailer,2023-05-14,Cellarbrations,2,2023-05-01
Liquor Retailer,2023-05-14,First Choice,7,2023-05-01
Liquor Retailer,2023-05-21,Dan Murphy's,12,2023-05-01
Liquor Retailer,2023-05-21,BWS,26,2023-05-01
Liquor Retailer,2023-05-21,Liquorland,13,2023-05-01
Liquor Retailer,2023-05-21,Cellarbrations,2,2023-05-01
Liquor Retailer,2023-05-21,First Choice,7,2023-05-01
Liquor Retailer,2023-05-28,Dan Murphy's,10,2023-05-01
Liquor Retailer,2023-05-28,BWS,26,2023-05-01
Liquor Retailer,2023-05-28,Liquorland,13,2023-05-01
Liquor Retailer,2023-05-28,Cellarbrations,2,2023-05-01
Liquor Retailer,2023-05-28,First Choice,8,2023-05-01
Liquor Retailer,2023-06-04,Dan Murphy's,11,2023-06-01
Liquor Retailer,2023-06-04,BWS,28,2023-06-01
Liquor Retailer,2023-06-04,Liquorland,13,2023-06-01
Liquor Retailer,2023-06-04,Cellarbrations,2,2023-06-01
Liquor Retailer,2023-06-04,First Choice,8,2023-06-01
Liquor Retailer,2023-06-11,Dan Murphy's,12,2023-06-01
Liquor Retailer,2023-06-11,BWS,28,2023-06-01
Liquor Retailer,2023-06-11,Liquorland,14,2023-06-01
Liquor Retailer,2023-06-11,Cellarbrations,2,2023-06-01
Liquor Retailer,2023-06-11,First Choice,8,2023-06-01
Liquor Retailer,2023-06-18,Dan Murphy's,11,2023-06-01
Liquor Retailer,2023-06-18,BWS,26,2023-06-01
Liquor Retailer,2023-06-18,Liquorland,14,2023-06-01
Liquor Retailer,2023-06-18,Cellarbrations,2,2023-06-01
Liquor Retailer,2023-06-18,First Choice,7,2023-06-01
Liquor Retailer,2023-06-25,Dan Murphy's,12,2023-06-01
Liquor Retailer,2023-06-25,BWS,26,2023-06-01
Liquor Retailer,2023-06-25,Liquorland,13,2023-06-01
Liquor Retailer,2023-06-25,Cellarbrations,2,2023-06-01
Liquor Retailer,2023-06-25,First Choice,8,2023-06-01
Liquor Retailer,2023-07-02,Dan Murphy's,11,2023-07-01
Liquor Retailer,2023-07-02,BWS,26,2023-07-01
Liquor Retailer,2023-07-02,Liquorland,14,2023-07-01
Liquor Retailer,2023-07-02,Cellarbrations,2,2023-07-01
Liquor Retailer,2023-07-02,First Choice,8,2023-07-01
Liquor Retailer,2023-07-09,Dan Murphy's,11,2023-07-01
Liquor Retailer,2023-07-09,BWS,29,2023-07-01
Liquor Retailer,2023-07-09,Liquorland,14,2023-07-01
Liquor Retailer,2023-07-09,Cellarbrations,2,2023-07-01
Liquor Retailer,2023-07-09,First Choice,8,2023-07-01
Liquor Retailer,2023-07-16,Dan Murphy's,12,2023-07-01
Liquor Retailer,2023-07-16,BWS,26,2023-07-01
Liquor Retailer,2023-07-16,Liquorland,14,2023-07-01
Liquor Retailer,2023-07-16,Cellarbrations,2,2023-07-01
Liquor Retailer,2023-07-16,First Choice,7,2023-07-01
Liquor Retailer,2023-07-23,Dan Murphy's,12,2023-07-01
Liquor Retailer,2023-07-23,BWS,24,2023-07-01
Liquor Retailer,2023-07-23,Liquorland,13,2023-07-01
Liquor Retailer,2023-07-23,Cellarbrations,2,2023-07-01
Liquor Retailer,2023-07-23,First Choice,7,2023-07-01
Liquor Retailer,2023-07-30,Dan Murphy's,12,2023-07-01
Liquor Retailer,2023-07-30,BWS,26,2023-07-01
Liquor Retailer,2023-07-30,Liquorland,13,2023-07-01
Liquor Retailer,2023-07-30,Cellarbrations,2,2023-07-01
Liquor Retailer,2023-07-30,First Choice,8,2023-07-01
Liquor Retailer,2023-08-06,Dan Murphy's,12,2023-08-01
Liquor Retailer,2023-08-06,BWS,26,2023-08-01
Liquor Retailer,2023-08-06,Liquorland,13,2023-08-01
Liquor Retailer,2023-08-06,Cellarbrations,2,2023-08-01
Liquor Retailer,2023-08-06,First Choice,8,2023-08-01
Liquor Retailer,2023-08-13,Dan Murphy's,12,2023-08-01
Liquor Retailer,2023-08-13,BWS,26,2023-08-01
Liquor Retailer,2023-08-13,Liquorland,13,2023-08-01
Liquor Retailer,2023-08-13,Cellarbrations,2,2023-08-01
Liquor Retailer,2023-08-13,First Choice,8,2023-08-01
Liquor Retailer,2023-08-20,Dan Murphy's,12,2023-08-01
Liquor Retailer,2023-08-20,BWS,27,2023-08-01
Liquor Retailer,2023-08-20,Liquorland,13,2023-08-01
Liquor Retailer,2023-08-20,Cellarbrations,2,2023-08-01
Liquor Retailer,2023-08-20,First Choice,8,2023-08-01
Liquor Retailer,2023-08-27,Dan Murphy's,15,2023-08-01
Liquor Retailer,2023-08-27,BWS,29,2023-08-01
Liquor Retailer,2023-08-27,Liquorland,15,2023-08-01
Liquor Retailer,2023-08-27,Cellarbrations,2,2023-08-01
Liquor Retailer,2023-08-27,First Choice,9,2023-08-01
Liquor Retailer,2023-09-03,Dan Murphy's,13,2023-09-01
Liquor Retailer,2023-09-03,BWS,26,2023-09-01
Liquor Retailer,2023-09-03,Liquorland,14,2023-09-01
Liquor Retailer,2023-09-03,Cellarbrations,2,2023-09-01
Liquor Retailer,2023-09-03,First Choice,8,2023-09-01
Liquor Retailer,2023-09-10,Dan Murphy's,13,2023-09-01
Liquor Retailer,2023-09-10,BWS,28,2023-09-01
Liquor Retailer,2023-09-10,Liquorland,14,2023-09-01
Liquor Retailer,2023-09-10,Cellarbrations,2,2023-09-01
Liquor Retailer,2023-09-10,First Choice,8,2023-09-01
Liquor Retailer,2023-09-17,Dan Murphy's,13,2023-09-01
Liquor Retailer,2023-09-17,BWS,29,2023-09-01
Liquor Retailer,2023-09-17,Liquorland,15,2023-09-01
Liquor Retailer,2023-09-17,Cellarbrations,2,2023-09-01
Liquor Retailer,2023-09-17,First Choice,9,2023-09-01
Liquor Retailer,2023-09-24,Dan Murphy's,17,2023-09-01
Liquor Retailer,2023-09-24,BWS,35,2023-09-01
Liquor Retailer,2023-09-24,Liquorland,18,2023-09-01
Liquor Retailer,2023-09-24,Cellarbrations,3,2023-09-01
Liquor Retailer,2023-09-24,First Choice,10,2023-09-01
Liquor Retailer,2023-10-01,Dan Murphy's,16,2023-10-01
Liquor Retailer,2023-10-01,BWS,31,2023-10-01
Liquor Retailer,2023-10-01,Liquorland,16,2023-10-01
Liquor Retailer,2023-10-01,Cellarbrations,2,2023-10-01
Liquor Retailer,2023-10-01,First Choice,9,2023-10-01
Liquor Retailer,2023-10-08,Dan Murphy's,13,2023-10-01
Liquor Retailer,2023-10-08,BWS,26,2023-10-01
Liquor Retailer,2023-10-08,Liquorland,15,2023-10-01
Liquor Retailer,2023-10-08,Cellarbrations,2,2023-10-01
Liquor Retailer,2023-10-08,First Choice,8,2023-10-01
Liquor Retailer,2023-10-15,Dan Murphy's,14,2023-10-01
Liquor Retailer,2023-10-15,BWS,28,2023-10-01
Liquor Retailer,2023-10-15,Liquorland,14,2023-10-01
Liquor Retailer,2023-10-15,Cellarbrations,2,2023-10-01
Liquor Retailer,2023-10-15,First Choice,8,2023-10-01
Liquor Retailer,2023-10-22,Dan Murphy's,15,2023-10-01
Liquor Retailer,2023-10-22,BWS,29,2023-10-01
Liquor Retailer,2023-10-22,Liquorland,14,2023-10-01
Liquor Retailer,2023-10-22,Cellarbrations,2,2023-10-01
Liquor Retailer,2023-10-22,First Choice,9,2023-10-01
Liquor Retailer,2023-10-29,Dan Murphy's,14,2023-10-01
Liquor Retailer,2023-10-29,BWS,28,2023-10-01
Liquor Retailer,2023-10-29,Liquorland,15,2023-10-01
Liquor Retailer,2023-10-29,Cellarbrations,2,2023-10-01
Liquor Retailer,2023-10-29,First Choice,9,2023-10-01
Liquor Retailer,2023-11-05,Dan Murphy's,14,2023-11-01
Liquor Retailer,2023-11-05,BWS,28,2023-11-01
Liquor Retailer,2023-11-05,Liquorland,15,2023-11-01
Liquor Retailer,2023-11-05,Cellarbrations,2,2023-11-01
Liquor Retailer,2023-11-05,First Choice,8,2023-11-01
Liquor Retailer,2023-11-12,Dan Murphy's,16,2023-11-01
Liquor Retailer,2023-11-12,BWS,30,2023-11-01
Liquor Retailer,2023-11-12,Liquorland,15,2023-11-01
Liquor Retailer,2023-11-12,Cellarbrations,2,2023-11-01
Liquor Retailer,2023-11-12,First Choice,9,2023-11-01
Liquor Retailer,2023-11-19,Dan Murphy's,17,2023-11-01
Liquor Retailer,2023-11-19,BWS,30,2023-11-01
Liquor Retailer,2023-11-19,Liquorland,16,2023-11-01
Liquor Retailer,2023-11-19,Cellarbrations,2,2023-11-01
Liquor Retailer,2023-11-19,First Choice,10,2023-11-01
Liquor Retailer,2023-11-26,Dan Murphy's,18,2023-11-01
Liquor Retailer,2023-11-26,BWS,34,2023-11-01
Liquor Retailer,2023-11-26,Liquorland,16,2023-11-01
Liquor Retailer,2023-11-26,Cellarbrations,2,2023-11-01
Liquor Retailer,2023-11-26,First Choice,10,2023-11-01
Liquor Retailer,2023-12-03,Dan Murphy's,21,2023-12-01
Liquor Retailer,2023-12-03,BWS,36,2023-12-01
Liquor Retailer,2023-12-03,Liquorland,19,2023-12-01
Liquor Retailer,2023-12-03,Cellarbrations,3,2023-12-01
Liquor Retailer,2023-12-03,First Choice,12,2023-12-01
Liquor Retailer,2023-12-10,Dan Murphy's,25,2023-12-01
Liquor Retailer,2023-12-10,BWS,46,2023-12-01
Liquor Retailer,2023-12-10,Liquorland,22,2023-12-01
Liquor Retailer,2023-12-10,Cellarbrations,3,2023-12-01
Liquor Retailer,2023-12-10,First Choice,14,2023-12-01
Liquor Retailer,2023-12-17,Dan Murphy's,39,2023-12-01
Liquor Retailer,2023-12-17,BWS,76,2023-12-01
Liquor Retailer,2023-12-17,Liquorland,35,2023-12-01
Liquor Retailer,2023-12-17,Cellarbrations,4,2023-12-01
Liquor Retailer,2023-12-17,First Choice,22,2023-12-01
Liquor Retailer,2023-12-24,Dan Murphy's,29,2023-12-01
Liquor Retailer,2023-12-24,BWS,72,2023-12-01
Liquor Retailer,2023-12-24,Liquorland,30,2023-12-01
Liquor Retailer,2023-12-24,Cellarbrations,5,2023-12-01
Liquor Retailer,2023-12-24,First Choice,14,2023-12-01
Liquor Retailer,2023-12-31,Dan Murphy's,19,2023-12-01
Liquor Retailer,2023-12-31,BWS,46,2023-12-01
Liquor Retailer,2023-12-31,Liquorland,19,2023-12-01
Liquor Retailer,2023-12-31,Cellarbrations,3,2023-12-01
Liquor Retailer,2023-12-31,First Choice,9,2023-12-01
Liquor Retailer,2024-01-07,Dan Murphy's,12,2024-01-01
Liquor Retailer,2024-01-07,BWS,28,2024-01-01
Liquor Retailer,2024-01-07,Liquorland,13,2024-01-01
Liquor Retailer,2024-01-07,Cellarbrations,2,2024-01-01
Liquor Retailer,2024-01-07,First Choice,8,2024-01-01
Liquor Retailer,2024-01-14,Dan Murphy's,12,2024-01-01
Liquor Retailer,2024-01-14,BWS,27,2024-01-01
Liquor Retailer,2024-01-14,Liquorland,13,2024-01-01
Liquor Retailer,2024-01-14,Cellarbrations,2,2024-01-01
Liquor Retailer,2024-01-14,First Choice,8,2024-01-01
Liquor Retailer,2024-01-21,Dan Murphy's,16,2024-01-01
Liquor Retailer,2024-01-21,BWS,40,2024-01-01
Liquor Retailer,2024-01-21,Liquorland,18,2024-01-01
Liquor Retailer,2024-01-21,Cellarbrations,2,2024-01-01
Liquor Retailer,2024-01-21,First Choice,10,2024-01-01
Liquor Retailer,2024-01-28,Dan Murphy's,11,2024-01-01
Liquor Retailer,2024-01-28,BWS,26,2024-01-01
Liquor Retailer,2024-01-28,Liquorland,12,2024-01-01
Liquor Retailer,2024-01-28,Cellarbrations,2,2024-01-01
Liquor Retailer,2024-01-28,First Choice,7,2024-01-01
Liquor Retailer,2024-02-04,Dan Murphy's,11,2024-02-01
Liquor Retailer,2024-02-04,BWS,27,2024-02-01
Liquor Retailer,2024-02-04,Liquorland,13,2024-02-01
Liquor Retailer,2024-02-04,Cellarbrations,2,2024-02-01
Liquor Retailer,2024-02-04,First Choice,8,2024-02-01
Liquor Retailer,2024-02-11,Dan Murphy's,11,2024-02-01
Liquor Retailer,2024-02-11,BWS,27,2024-02-01
Liquor Retailer,2024-02-11,Liquorland,12,2024-02-01
Liquor Retailer,2024-02-11,Cellarbrations,2,2024-02-01
Liquor Retailer,2024-02-11,First Choice,8,2024-02-01
Liquor Retailer,2024-02-18,Dan Murphy's,10,2024-02-01
Liquor Retailer,2024-02-18,BWS,27,2024-02-01
Liquor Retailer,2024-02-18,Liquorland,12,2024-02-01
Liquor Retailer,2024-02-18,Cellarbrations,2,2024-02-01
Liquor Retailer,2024-02-18,First Choice,7,2024-02-01
Liquor Retailer,2024-02-25,Dan Murphy's,11,2024-02-01
Liquor Retailer,2024-02-25,BWS,26,2024-02-01
Liquor Retailer,2024-02-25,Liquorland,13,2024-02-01
Liquor Retailer,2024-02-25,Cellarbrations,2,2024-02-01
Liquor Retailer,2024-02-25,First Choice,7,2024-02-01
Liquor Retailer,2024-03-03,Dan Murphy's,11,2024-03-01
Liquor Retailer,2024-03-03,BWS,27,2024-03-01
Liquor Retailer,2024-03-03,Liquorland,14,2024-03-01
Liquor Retailer,2024-03-03,Cellarbrations,2,2024-03-01
Liquor Retailer,2024-03-03,First Choice,8,2024-03-01
Liquor Retailer,2024-03-10,Dan Murphy's,11,2024-03-01
Liquor Retailer,2024-03-10,BWS,27,2024-03-01
Liquor Retailer,2024-03-10,Liquorland,13,2024-03-01
Liquor Retailer,2024-03-10,Cellarbrations,2,2024-03-01
Liquor Retailer,2024-03-10,First Choice,8,2024-03-01
Liquor Retailer,2024-03-17,Dan Murphy's,10,2024-03-01
Liquor Retailer,2024-03-17,BWS,26,2024-03-01
Liquor Retailer,2024-03-17,Liquorland,13,2024-03-01
Liquor Retailer,2024-03-17,Cellarbrations,2,2024-03-01
Liquor Retailer,2024-03-17,First Choice,8,2024-03-01
Liquor Retailer,2024-03-24,Dan Murphy's,19,2024-03-01
Liquor Retailer,2024-03-24,BWS,48,2024-03-01
Liquor Retailer,2024-03-24,Liquorland,20,2024-03-01
Liquor Retailer,2024-03-24,Cellarbrations,3,2024-03-01
Liquor Retailer,2024-03-24,First Choice,11,2024-03-01
Liquor Retailer,2024-03-31,Dan Murphy's,12,2024-03-01
Liquor Retailer,2024-03-31,BWS,32,2024-03-01
Liquor Retailer,2024-03-31,Liquorland,16,2024-03-01
Liquor Retailer,2024-03-31,Cellarbrations,2,2024-03-01
Liquor Retailer,2024-03-31,First Choice,8,2024-03-01
Liquor Retailer,2024-04-07,Dan Murphy's,10,2024-04-01
Liquor Retailer,2024-04-07,BWS,28,2024-04-01
Liquor Retailer,2024-04-07,Liquorland,12,2024-04-01
Liquor Retailer,2024-04-07,Cellarbrations,2,2024-04-01
Liquor Retailer,2024-04-07,First Choice,6,2024-04-01
Liquor Retailer,2024-04-14,Dan Murphy's,10,2024-04-01
Liquor Retailer,2024-04-14,BWS,24,2024-04-01
Liquor Retailer,2024-04-14,Liquorland,13,2024-04-01
Liquor Retailer,2024-04-14,Cellarbrations,2,2024-04-01
Liquor Retailer,2024-04-14,First Choice,7,2024-04-01
Liquor Retailer,2024-04-21,Dan Murphy's,14,2024-04-01
Liquor Retailer,2024-04-21,BWS,37,2024-04-01
Liquor Retailer,2024-04-21,Liquorland,17,2024-04-01
Liquor Retailer,2024-04-21,Cellarbrations,2,2024-04-01
Liquor Retailer,2024-04-21,First Choice,9,2024-04-01
Liquor Retailer,2024-04-28,Dan Murphy's,10,2024-04-01
Liquor Retailer,2024-04-28,BWS,24,2024-04-01
Liquor Retailer,2024-04-28,Liquorland,12,2024-04-01
Liquor Retailer,2024-04-28,Cellarbrations,2,2024-04-01
Liquor Retailer,2024-04-28,First Choice,7,2024-04-01
Liquor Retailer,2024-05-05,Dan Murphy's,11,2024-05-01
Liquor Retailer,2024-05-05,BWS,25,2024-05-01
Liquor Retailer,2024-05-05,Liquorland,13,2024-05-01
Liquor Retailer,2024-05-05,Cellarbrations,2,2024-05-01
Liquor Retailer,2024-05-05,First Choice,7,2024-05-01
Liquor Retailer,2024-05-12,Dan Murphy's,10,2024-05-01
Liquor Retailer,2024-05-12,BWS,26,2024-05-01
Liquor Retailer,2024-05-12,Liquorland,12,2024-05-01
Liquor Retailer,2024-05-12,Cellarbrations,2,2024-05-01
Liquor Retailer,2024-05-12,First Choice,6,2024-05-01
Liquor Retailer,2024-05-19,Dan Murphy's,9,2024-05-01
Liquor Retailer,2024-05-19,BWS,24,2024-05-01
Liquor Retailer,2024-05-19,Liquorland,12,2024-05-01
Liquor Retailer,2024-05-19,Cellarbrations,1,2024-05-01
Liquor Retailer,2024-05-19,First Choice,7,2024-05-01
Liquor Retailer,2024-05-26,Dan Murphy's,9,2024-05-01
Liquor Retailer,2024-05-26,BWS,25,2024-05-01
Liquor Retailer,2024-05-26,Liquorland,12,2024-05-01
Liquor Retailer,2024-05-26,Cellarbrations,2,2024-05-01
Liquor Retailer,2024-05-26,First Choice,6,2024-05-01
Liquor Retailer,2024-06-02,Dan Murphy's,9,2024-06-01
Liquor Retailer,2024-06-02,BWS,26,2024-06-01
Liquor Retailer,2024-06-02,Liquorland,14,2024-06-01
Liquor Retailer,2024-06-02,Cellarbrations,2,2024-06-01
Liquor Retailer,2024-06-02,First Choice,7,2024-06-01
Liquor Retailer,2024-06-09,Dan Murphy's,9,2024-06-01
Liquor Retailer,2024-06-09,BWS,27,2024-06-01
Liquor Retailer,2024-06-09,Liquorland,13,2024-06-01
Liquor Retailer,2024-06-09,Cellarbrations,2,2024-06-01
Liquor Retailer,2024-06-09,First Choice,7,2024-06-01
Liquor Retailer,2024-06-16,Dan Murphy's,9,2024-06-01
Liquor Retailer,2024-06-16,BWS,26,2024-06-01
Liquor Retailer,2024-06-16,Liquorland,12,2024-06-01
Liquor Retailer,2024-06-16,Cellarbrations,2,2024-06-01
Liquor Retailer,2024-06-16,First Choice,7,2024-06-01
Liquor Retailer,2024-06-23,Dan Murphy's,9,2024-06-01
Liquor Retailer,2024-06-23,BWS,25,2024-06-01
Liquor Retailer,2024-06-23,Liquorland,13,2024-06-01
Liquor Retailer,2024-06-23,Cellarbrations,2,2024-06-01
Liquor Retailer,2024-06-23,First Choice,8,2024-06-01
Liquor Retailer,2024-06-30,Dan Murphy's,9,2024-06-01
Liquor Retailer,2024-06-30,BWS,28,2024-06-01
Liquor Retailer,2024-06-30,Liquorland,12,2024-06-01
Liquor Retailer,2024-06-30,Cellarbrations,2,2024-06-01
Liquor Retailer,2024-06-30,First Choice,7,2024-06-01
Liquor Retailer,2024-07-07,Dan Murphy's,9,2024-07-01
Liquor Retailer,2024-07-07,BWS,28,2024-07-01
Liquor Retailer,2024-07-07,Liquorland,12,2024-07-01
Liquor Retailer,2024-07-07,Cellarbrations,2,2024-07-01
Liquor Retailer,2024-07-07,First Choice,7,2024-07-01
Liquor Retailer,2024-07-14,Dan Murphy's,10,2024-07-01
Liquor Retailer,2024-07-14,BWS,27,2024-07-01
Liquor Retailer,2024-07-14,Liquorland,14,2024-07-01
Liquor Retailer,2024-07-14,Cellarbrations,2,2024-07-01
Liquor Retailer,2024-07-14,First Choice,8,2024-07-01
Liquor Retailer,2024-07-21,Dan Murphy's,9,2024-07-01
Liquor Retailer,2024-07-21,BWS,26,2024-07-01
Liquor Retailer,2024-07-21,Liquorland,12,2024-07-01
Liquor Retailer,2024-07-21,Cellarbrations,1,2024-07-01
Liquor Retailer,2024-07-21,First Choice,7,2024-07-01
Liquor Retailer,2024-07-28,Dan Murphy's,9,2024-07-01
Liquor Retailer,2024-07-28,BWS,25,2024-07-01
Liquor Retailer,2024-07-28,Liquorland,11,2024-07-01
Liquor Retailer,2024-07-28,Cellarbrations,2,2024-07-01
Liquor Retailer,2024-07-28,First Choice,7,2024-07-01
Liquor Retailer,2024-08-04,Dan Murphy's,8,2024-08-01
Liquor Retailer,2024-08-04,BWS,26,2024-08-01
Liquor Retailer,2024-08-04,Liquorland,13,2024-08-01
Liquor Retailer,2024-08-04,Cellarbrations,2,2024-08-01
Liquor Retailer,2024-08-04,First Choice,7,2024-08-01
Liquor Retailer,2024-08-11,Dan Murphy's,8,2024-08-01
Liquor Retailer,2024-08-11,BWS,25,2024-08-01
Liquor Retailer,2024-08-11,Liquorland,12,2024-08-01
Liquor Retailer,2024-08-11,Cellarbrations,2,2024-08-01
Liquor Retailer,2024-08-11,First Choice,7,2024-08-01
Liquor Retailer,2024-08-18,Dan Murphy's,9,2024-08-01
Liquor Retailer,2024-08-18,BWS,26,2024-08-01
Liquor Retailer,2024-08-18,Liquorland,13,2024-08-01
Liquor Retailer,2024-08-18,Cellarbrations,2,2024-08-01
Liquor Retailer,2024-08-18,First Choice,7,2024-08-01
Liquor Retailer,2024-08-25,Dan Murphy's,11,2024-08-01
Liquor Retailer,2024-08-25,BWS,28,2024-08-01
Liquor Retailer,2024-08-25,Liquorland,14,2024-08-01
Liquor Retailer,2024-08-25,Cellarbrations,2,2024-08-01
Liquor Retailer,2024-08-25,First Choice,8,2024-08-01
Liquor Retailer,2024-09-01,Dan Murphy's,9,2024-09-01
Liquor Retailer,2024-09-01,BWS,27,2024-09-01
Liquor Retailer,2024-09-01,Liquorland,15,2024-09-01
Liquor Retailer,2024-09-01,Cellarbrations,2,2024-09-01
Liquor Retailer,2024-09-01,First Choice,7,2024-09-01
Liquor Retailer,2024-09-08,Dan Murphy's,9,2024-09-01
Liquor Retailer,2024-09-08,BWS,27,2024-09-01
Liquor Retailer,2024-09-08,Liquorland,12,2024-09-01
Liquor Retailer,2024-09-08,Cellarbrations,2,2024-09-01
Liquor Retailer,2024-09-08,First Choice,7,2024-09-01
Liquor Retailer,2024-09-15,Dan Murphy's,9,2024-09-01
Liquor Retailer,2024-09-15,BWS,29,2024-09-01
Liquor Retailer,2024-09-15,Liquorland,13,2024-09-01
Liquor Retailer,2024-09-15,Cellarbrations,2,2024-09-01
Liquor Retailer,2024-09-15,First Choice,7,2024-09-01
Liquor Retailer,2024-09-22,Dan Murphy's,11,2024-09-01
Liquor Retailer,2024-09-22,BWS,30,2024-09-01
Liquor Retailer,2024-09-22,Liquorland,15,2024-09-01
Liquor Retailer,2024-09-22,Cellarbrations,2,2024-09-01
Liquor Retailer,2024-09-22,First Choice,8,2024-09-01
Liquor Retailer,2024-09-29,Dan Murphy's,10,2024-09-01
Liquor Retailer,2024-09-29,BWS,31,2024-09-01
Liquor Retailer,2024-09-29,Liquorland,13,2024-09-01
Liquor Retailer,2024-09-29,Cellarbrations,2,2024-09-01
Liquor Retailer,2024-09-29,First Choice,7,2024-09-01
Liquor Retailer,2024-10-06,Dan Murphy's,10,2024-10-01
Liquor Retailer,2024-10-06,BWS,29,2024-10-01
Liquor Retailer,2024-10-06,Liquorland,14,2024-10-01
Liquor Retailer,2024-10-06,Cellarbrations,2,2024-10-01
Liquor Retailer,2024-10-06,First Choice,7,2024-10-01
Liquor Retailer,2024-10-13,Dan Murphy's,9,2024-10-01
Liquor Retailer,2024-10-13,BWS,26,2024-10-01
Liquor Retailer,2024-10-13,Liquorland,13,2024-10-01
Liquor Retailer,2024-10-13,Cellarbrations,2,2024-10-01
Liquor Retailer,2024-10-13,First Choice,7,2024-10-01
Liquor Retailer,2024-10-20,Dan Murphy's,9,2024-10-01
Liquor Retailer,2024-10-20,BWS,26,2024-10-01
Liquor Retailer,2024-10-20,Liquorland,14,2024-10-01
Liquor Retailer,2024-10-20,Cellarbrations,2,2024-10-01
Liquor Retailer,2024-10-20,First Choice,7,2024-10-01
Liquor Retailer,2024-10-27,Dan Murphy's,9,2024-10-01
Liquor Retailer,2024-10-27,BWS,25,2024-10-01
Liquor Retailer,2024-10-27,Liquorland,14,2024-10-01
Liquor Retailer,2024-10-27,Cellarbrations,2,2024-10-01
Liquor Retailer,2024-10-27,First Choice,7,2024-10-01
Liquor Retailer,2024-11-03,Dan Murphy's,9,2024-11-01
Liquor Retailer,2024-11-03,BWS,24,2024-11-01
Liquor Retailer,2024-11-03,Liquorland,14,2024-11-01
Liquor Retailer,2024-11-03,Cellarbrations,2,2024-11-01
Liquor Retailer,2024-11-03,First Choice,7,2024-11-01
Liquor Retailer,2024-11-10,Dan Murphy's,10,2024-11-01
Liquor Retailer,2024-11-10,BWS,27,2024-11-01
Liquor Retailer,2024-11-10,Liquorland,14,2024-11-01
Liquor Retailer,2024-11-10,Cellarbrations,2,2024-11-01
Liquor Retailer,2024-11-10,First Choice,7,2024-11-01
Liquor Retailer,2024-11-17,Dan Murphy's,10,2024-11-01
Liquor Retailer,2024-11-17,BWS,28,2024-11-01
Liquor Retailer,2024-11-17,Liquorland,14,2024-11-01
Liquor Retailer,2024-11-17,Cellarbrations,2,2024-11-01
Liquor Retailer,2024-11-17,First Choice,7,2024-11-01
Liquor Retailer,2024-11-24,Dan Murphy's,12,2024-11-01
Liquor Retailer,2024-11-24,BWS,28,2024-11-01
Liquor Retailer,2024-11-24,Liquorland,15,2024-11-01
Liquor Retailer,2024-11-24,Cellarbrations,2,2024-11-01
Liquor Retailer,2024-11-24,First Choice,9,2024-11-01
Liquor Retailer,2024-12-01,Dan Murphy's,14,2024-12-01
Liquor Retailer,2024-12-01,BWS,31,2024-12-01
Liquor Retailer,2024-12-01,Liquorland,17,2024-12-01
Liquor Retailer,2024-12-01,Cellarbrations,2,2024-12-01
Liquor Retailer,2024-12-01,First Choice,9,2024-12-01
Liquor Retailer,2024-12-08,Dan Murphy's,19,2024-12-01
Liquor Retailer,2024-12-08,BWS,36,2024-12-01
Liquor Retailer,2024-12-08,Liquorland,20,2024-12-01
Liquor Retailer,2024-12-08,Cellarbrations,3,2024-12-01
Liquor Retailer,2024-12-08,First Choice,10,2024-12-01
Liquor Retailer,2024-12-15,Dan Murphy's,25,2024-12-01
Liquor Retailer,2024-12-15,BWS,53,2024-12-01
Liquor Retailer,2024-12-15,Liquorland,26,2024-12-01
Liquor Retailer,2024-12-15,Cellarbrations,3,2024-12-01
Liquor Retailer,2024-12-15,First Choice,14,2024-12-01
Liquor Retailer,2024-12-22,Dan Murphy's,31,2024-12-01
Liquor Retailer,2024-12-22,BWS,88,2024-12-01
Liquor Retailer,2024-12-22,Liquorland,35,2024-12-01
Liquor Retailer,2024-12-22,Cellarbrations,5,2024-12-01
Liquor Retailer,2024-12-22,First Choice,16,2024-12-01
Liquor Retailer,2024-12-29,Dan Murphy's,16,2024-12-01
Liquor Retailer,2024-12-29,BWS,56,2024-12-01
Liquor Retailer,2024-12-29,Liquorland,25,2024-12-01
Liquor Retailer,2024-12-29,Cellarbrations,3,2024-12-01
Liquor Retailer,2024-12-29,First Choice,9,2024-12-01
Liquor Retailer,2025-01-05,Dan Murphy's,8,2025-01-01
Liquor Retailer,2025-01-05,BWS,25,2025-01-01
Liquor Retailer,2025-01-05,Liquorland,13,2025-01-01
Liquor Retailer,2025-01-05,Cellarbrations,2,2025-01-01
Liquor Retailer,2025-01-05,First Choice,6,2025-01-01
Liquor Retailer,2025-01-12,Dan Murphy's,8,2025-01-01
Liquor Retailer,2025-01-12,BWS,25,2025-01-01
Liquor Retailer,2025-01-12,Liquorland,13,2025-01-01
Liquor Retailer,2025-01-12,Cellarbrations,2,2025-01-01
Liquor Retailer,2025-01-12,First Choice,6,2025-01-01
Liquor Retailer,2025-01-19,Dan Murphy's,10,2025-01-01
Liquor Retailer,2025-01-19,BWS,30,2025-01-01
Liquor Retailer,2025-01-19,Liquorland,14,2025-01-01
Liquor Retailer,2025-01-19,Cellarbrations,2,2025-01-01
Liquor Retailer,2025-01-19,First Choice,7,2025-01-01
Liquor Retailer,2025-01-26,Dan Murphy's,9,2025-01-01
Liquor Retailer,2025-01-26,BWS,29,2025-01-01
Liquor Retailer,2025-01-26,Liquorland,14,2025-01-01
Liquor Retailer,2025-01-26,Cellarbrations,2,2025-01-01
Liquor Retailer,2025-01-26,First Choice,7,2025-01-01
Liquor Retailer,2025-02-02,Dan Murphy's,8,2025-02-01
Liquor Retailer,2025-02-02,BWS,24,2025-02-01
Liquor Retailer,2025-02-02,Liquorland,12,2025-02-01
Liquor Retailer,2025-02-02,Cellarbrations,2,2025-02-01
Liquor Retailer,2025-02-02,First Choice,6,2025-02-01
Liquor Retailer,2025-02-09,Dan Murphy's,8,2025-02-01
Liquor Retailer,2025-02-09,BWS,24,2025-02-01
Liquor Retailer,2025-02-09,Liquorland,13,2025-02-01
Liquor Retailer,2025-02-09,Cellarbrations,2,2025-02-01
Liquor Retailer,2025-02-09,First Choice,6,2025-02-01
Liquor Retailer,2025-02-16,Dan Murphy's,9,2025-02-01
Liquor Retailer,2025-02-16,BWS,25,2025-02-01
Liquor Retailer,2025-02-16,Liquorland,12,2025-02-01
Liquor Retailer,2025-02-16,Cellarbrations,2,2025-02-01
Liquor Retailer,2025-02-16,First Choice,6,2025-02-01
Liquor Retailer,2025-02-23,Dan Murphy's,8,2025-02-01
Liquor Retailer,2025-02-23,BWS,24,2025-02-01
Liquor Retailer,2025-02-23,Liquorland,12,2025-02-01
Liquor Retailer,2025-02-23,Cellarbrations,2,2025-02-01
Liquor Retailer,2025-02-23,First Choice,6,2025-02-01
Liquor Retailer,2025-03-02,Dan Murphy's,10,2025-03-01
Liquor Retailer,2025-03-02,BWS,31,2025-03-01
Liquor Retailer,2025-03-02,Liquorland,15,2025-03-01
Liquor Retailer,2025-03-02,Cellarbrations,2,2025-03-01
Liquor Retailer,2025-03-02,First Choice,8,2025-03-01
Liquor Retailer,2025-03-09,Dan Murphy's,8,2025-03-01
Liquor Retailer,2025-03-09,BWS,25,2025-03-01
Liquor Retailer,2025-03-09,Liquorland,12,2025-03-01
Liquor Retailer,2025-03-09,Cellarbrations,2,2025-03-01
Liquor Retailer,2025-03-09,First Choice,6,2025-03-01
Liquor Retailer,2025-03-16,Dan Murphy's,8,2025-03-01
Liquor Retailer,2025-03-16,BWS,23,2025-03-01
Liquor Retailer,2025-03-16,Liquorland,11,2025-03-01
Liquor Retailer,2025-03-16,Cellarbrations,2,2025-03-01
Liquor Retailer,2025-03-16,First Choice,5,2025-03-01
Liquor Retailer,2025-03-23,Dan Murphy's,8,2025-03-01
Liquor Retailer,2025-03-23,BWS,23,2025-03-01
Liquor Retailer,2025-03-23,Liquorland,11,2025-03-01
Liquor Retailer,2025-03-23,Cellarbrations,2,2025-03-01
Liquor Retailer,2025-03-23,First Choice,6,2025-03-01
Liquor Retailer,2025-03-30,Dan Murphy's,7,2025-03-01
Liquor Retailer,2025-03-30,BWS,22,2025-03-01
Liquor Retailer,2025-03-30,Liquorland,11,2025-03-01
Liquor Retailer,2025-03-30,Cellarbrations,2,2025-03-01
Liquor Retailer,2025-03-30,First Choice,5,2025-03-01
Household Cleaners (Indoor),2021-08-29,Pine O Cleen,0,2021-08-01
Household Cleaners (Indoor),2021-08-29,Ajax,27,2021-08-01
Household Cleaners (Indoor),2021-08-29,Dettol,14,2021-08-01
Household Cleaners (Indoor),2021-08-29,Earth Choice,6,2021-08-01
Household Cleaners (Indoor),2021-08-29,White King,19,2021-08-01
Household Cleaners (Indoor),2021-09-05,Pine O Cleen,0,2021-09-01
Household Cleaners (Indoor),2021-09-05,Ajax,24,2021-09-01
Household Cleaners (Indoor),2021-09-05,Dettol,15,2021-09-01
Household Cleaners (Indoor),2021-09-05,Earth Choice,3,2021-09-01
Household Cleaners (Indoor),2021-09-05,White King,18,2021-09-01
Household Cleaners (Indoor),2021-09-12,Pine O Cleen,4,2021-09-01
Household Cleaners (Indoor),2021-09-12,Ajax,37,2021-09-01
Household Cleaners (Indoor),2021-09-12,Dettol,14,2021-09-01
Household Cleaners (Indoor),2021-09-12,Earth Choice,4,2021-09-01
Household Cleaners (Indoor),2021-09-12,White King,24,2021-09-01
Household Cleaners (Indoor),2021-09-19,Pine O Cleen,3,2021-09-01
Household Cleaners (Indoor),2021-09-19,Ajax,25,2021-09-01
Household Cleaners (Indoor),2021-09-19,Dettol,16,2021-09-01
Household Cleaners (Indoor),2021-09-19,Earth Choice,3,2021-09-01
Household Cleaners (Indoor),2021-09-19,White King,22,2021-09-01
Household Cleaners (Indoor),2021-09-26,Pine O Cleen,0,2021-09-01
Household Cleaners (Indoor),2021-09-26,Ajax,32,2021-09-01
Household Cleaners (Indoor),2021-09-26,Dettol,14,2021-09-01
Household Cleaners (Indoor),2021-09-26,Earth Choice,4,2021-09-01
Household Cleaners (Indoor),2021-09-26,White King,23,2021-09-01
Household Cleaners (Indoor),2021-10-03,Pine O Cleen,0,2021-10-01
Household Cleaners (Indoor),2021-10-03,Ajax,24,2021-10-01
Household Cleaners (Indoor),2021-10-03,Dettol,14,2021-10-01
Household Cleaners (Indoor),2021-10-03,Earth Choice,0,2021-10-01
Household Cleaners (Indoor),2021-10-03,White King,20,2021-10-01
Household Cleaners (Indoor),2021-10-10,Pine O Cleen,0,2021-10-01
Household Cleaners (Indoor),2021-10-10,Ajax,21,2021-10-01
Household Cleaners (Indoor),2021-10-10,Dettol,13,2021-10-01
Household Cleaners (Indoor),2021-10-10,Earth Choice,2,2021-10-01
Household Cleaners (Indoor),2021-10-10,White King,19,2021-10-01
Household Cleaners (Indoor),2021-10-17,Pine O Cleen,0,2021-10-01
Household Cleaners (Indoor),2021-10-17,Ajax,47,2021-10-01
Household Cleaners (Indoor),2021-10-17,Dettol,16,2021-10-01
Household Cleaners (Indoor),2021-10-17,Earth Choice,2,2021-10-01
Household Cleaners (Indoor),2021-10-17,White King,19,2021-10-01
Household Cleaners (Indoor),2021-10-24,Pine O Cleen,0,2021-10-01
Household Cleaners (Indoor),2021-10-24,Ajax,27,2021-10-01
Household Cleaners (Indoor),2021-10-24,Dettol,13,2021-10-01
Household Cleaners (Indoor),2021-10-24,Earth Choice,4,2021-10-01
Household Cleaners (Indoor),2021-10-24,White King,17,2021-10-01
Household Cleaners (Indoor),2021-10-31,Pine O Cleen,0,2021-10-01
Household Cleaners (Indoor),2021-10-31,Ajax,40,2021-10-01
Household Cleaners (Indoor),2021-10-31,Dettol,11,2021-10-01
Household Cleaners (Indoor),2021-10-31,Earth Choice,0,2021-10-01
Household Cleaners (Indoor),2021-10-31,White King,22,2021-10-01
Household Cleaners (Indoor),2021-11-07,Pine O Cleen,0,2021-11-01
Household Cleaners (Indoor),2021-11-07,Ajax,23,2021-11-01
Household Cleaners (Indoor),2021-11-07,Dettol,14,2021-11-01
Household Cleaners (Indoor),2021-11-07,Earth Choice,2,2021-11-01
Household Cleaners (Indoor),2021-11-07,White King,22,2021-11-01
Household Cleaners (Indoor),2021-11-14,Pine O Cleen,0,2021-11-01
Household Cleaners (Indoor),2021-11-14,Ajax,20,2021-11-01
Household Cleaners (Indoor),2021-11-14,Dettol,13,2021-11-01
Household Cleaners (Indoor),2021-11-14,Earth Choice,3,2021-11-01
Household Cleaners (Indoor),2021-11-14,White King,21,2021-11-01
Household Cleaners (Indoor),2021-11-21,Pine O Cleen,0,2021-11-01
Household Cleaners (Indoor),2021-11-21,Ajax,39,2021-11-01
Household Cleaners (Indoor),2021-11-21,Dettol,13,2021-11-01
Household Cleaners (Indoor),2021-11-21,Earth Choice,3,2021-11-01
Household Cleaners (Indoor),2021-11-21,White King,23,2021-11-01
Household Cleaners (Indoor),2021-11-28,Pine O Cleen,0,2021-11-01
Household Cleaners (Indoor),2021-11-28,Ajax,27,2021-11-01
Household Cleaners (Indoor),2021-11-28,Dettol,14,2021-11-01
Household Cleaners (Indoor),2021-11-28,Earth Choice,4,2021-11-01
Household Cleaners (Indoor),2021-11-28,White King,17,2021-11-01
Household Cleaners (Indoor),2021-12-05,Pine O Cleen,0,2021-12-01
Household Cleaners (Indoor),2021-12-05,Ajax,32,2021-12-01
Household Cleaners (Indoor),2021-12-05,Dettol,14,2021-12-01
Household Cleaners (Indoor),2021-12-05,Earth Choice,2,2021-12-01
Household Cleaners (Indoor),2021-12-05,White King,14,2021-12-01
Household Cleaners (Indoor),2021-12-12,Pine O Cleen,0,2021-12-01
Household Cleaners (Indoor),2021-12-12,Ajax,23,2021-12-01
Household Cleaners (Indoor),2021-12-12,Dettol,13,2021-12-01
Household Cleaners (Indoor),2021-12-12,Earth Choice,4,2021-12-01
Household Cleaners (Indoor),2021-12-12,White King,20,2021-12-01
Household Cleaners (Indoor),2021-12-19,Pine O Cleen,0,2021-12-01
Household Cleaners (Indoor),2021-12-19,Ajax,20,2021-12-01
Household Cleaners (Indoor),2021-12-19,Dettol,15,2021-12-01
Household Cleaners (Indoor),2021-12-19,Earth Choice,3,2021-12-01
Household Cleaners (Indoor),2021-12-19,White King,21,2021-12-01
Household Cleaners (Indoor),2021-12-26,Pine O Cleen,0,2021-12-01
Household Cleaners (Indoor),2021-12-26,Ajax,15,2021-12-01
Household Cleaners (Indoor),2021-12-26,Dettol,21,2021-12-01
Household Cleaners (Indoor),2021-12-26,Earth Choice,3,2021-12-01
Household Cleaners (Indoor),2021-12-26,White King,28,2021-12-01
Household Cleaners (Indoor),2022-01-02,Pine O Cleen,0,2022-01-01
Household Cleaners (Indoor),2022-01-02,Ajax,20,2022-01-01
Household Cleaners (Indoor),2022-01-02,Dettol,32,2022-01-01
Household Cleaners (Indoor),2022-01-02,Earth Choice,4,2022-01-01
Household Cleaners (Indoor),2022-01-02,White King,30,2022-01-01
Household Cleaners (Indoor),2022-01-09,Pine O Cleen,0,2022-01-01
Household Cleaners (Indoor),2022-01-09,Ajax,23,2022-01-01
Household Cleaners (Indoor),2022-01-09,Dettol,28,2022-01-01
Household Cleaners (Indoor),2022-01-09,Earth Choice,3,2022-01-01
Household Cleaners (Indoor),2022-01-09,White King,21,2022-01-01
Household Cleaners (Indoor),2022-01-16,Pine O Cleen,0,2022-01-01
Household Cleaners (Indoor),2022-01-16,Ajax,26,2022-01-01
Household Cleaners (Indoor),2022-01-16,Dettol,20,2022-01-01
Household Cleaners (Indoor),2022-01-16,Earth Choice,4,2022-01-01
Household Cleaners (Indoor),2022-01-16,White King,27,2022-01-01
Household Cleaners (Indoor),2022-01-23,Pine O Cleen,0,2022-01-01
Household Cleaners (Indoor),2022-01-23,Ajax,24,2022-01-01
Household Cleaners (Indoor),2022-01-23,Dettol,20,2022-01-01
Household Cleaners (Indoor),2022-01-23,Earth Choice,4,2022-01-01
Household Cleaners (Indoor),2022-01-23,White King,26,2022-01-01
Household Cleaners (Indoor),2022-01-30,Pine O Cleen,0,2022-01-01
Household Cleaners (Indoor),2022-01-30,Ajax,19,2022-01-01
Household Cleaners (Indoor),2022-01-30,Dettol,18,2022-01-01
Household Cleaners (Indoor),2022-01-30,Earth Choice,3,2022-01-01
Household Cleaners (Indoor),2022-01-30,White King,20,2022-01-01
Household Cleaners (Indoor),2022-02-06,Pine O Cleen,0,2022-02-01
Household Cleaners (Indoor),2022-02-06,Ajax,29,2022-02-01
Household Cleaners (Indoor),2022-02-06,Dettol,20,2022-02-01
Household Cleaners (Indoor),2022-02-06,Earth Choice,3,2022-02-01
Household Cleaners (Indoor),2022-02-06,White King,22,2022-02-01
Household Cleaners (Indoor),2022-02-13,Pine O Cleen,2,2022-02-01
Household Cleaners (Indoor),2022-02-13,Ajax,34,2022-02-01
Household Cleaners (Indoor),2022-02-13,Dettol,19,2022-02-01
Household Cleaners (Indoor),2022-02-13,Earth Choice,5,2022-02-01
Household Cleaners (Indoor),2022-02-13,White King,22,2022-02-01
Household Cleaners (Indoor),2022-02-20,Pine O Cleen,0,2022-02-01
Household Cleaners (Indoor),2022-02-20,Ajax,44,2022-02-01
Household Cleaners (Indoor),2022-02-20,Dettol,18,2022-02-01
Household Cleaners (Indoor),2022-02-20,Earth Choice,6,2022-02-01
Household Cleaners (Indoor),2022-02-20,White King,22,2022-02-01
Household Cleaners (Indoor),2022-02-27,Pine O Cleen,0,2022-02-01
Household Cleaners (Indoor),2022-02-27,Ajax,25,2022-02-01
Household Cleaners (Indoor),2022-02-27,Dettol,17,2022-02-01
Household Cleaners (Indoor),2022-02-27,Earth Choice,3,2022-02-01
Household Cleaners (Indoor),2022-02-27,White King,22,2022-02-01
Household Cleaners (Indoor),2022-03-06,Pine O Cleen,2,2022-03-01
Household Cleaners (Indoor),2022-03-06,Ajax,33,2022-03-01
Household Cleaners (Indoor),2022-03-06,Dettol,19,2022-03-01
Household Cleaners (Indoor),2022-03-06,Earth Choice,4,2022-03-01
Household Cleaners (Indoor),2022-03-06,White King,19,2022-03-01
Household Cleaners (Indoor),2022-03-13,Pine O Cleen,2,2022-03-01
Household Cleaners (Indoor),2022-03-13,Ajax,41,2022-03-01
Household Cleaners (Indoor),2022-03-13,Dettol,18,2022-03-01
Household Cleaners (Indoor),2022-03-13,Earth Choice,4,2022-03-01
Household Cleaners (Indoor),2022-03-13,White King,20,2022-03-01
Household Cleaners (Indoor),2022-03-20,Pine O Cleen,0,2022-03-01
Household Cleaners (Indoor),2022-03-20,Ajax,32,2022-03-01
Household Cleaners (Indoor),2022-03-20,Dettol,18,2022-03-01
Household Cleaners (Indoor),2022-03-20,Earth Choice,4,2022-03-01
Household Cleaners (Indoor),2022-03-20,White King,20,2022-03-01
Household Cleaners (Indoor),2022-03-27,Pine O Cleen,2,2022-03-01
Household Cleaners (Indoor),2022-03-27,Ajax,28,2022-03-01
Household Cleaners (Indoor),2022-03-27,Dettol,17,2022-03-01
Household Cleaners (Indoor),2022-03-27,Earth Choice,2,2022-03-01
Household Cleaners (Indoor),2022-03-27,White King,24,2022-03-01
Household Cleaners (Indoor),2022-04-03,Pine O Cleen,2,2022-04-01
Household Cleaners (Indoor),2022-04-03,Ajax,31,2022-04-01
Household Cleaners (Indoor),2022-04-03,Dettol,17,2022-04-01
Household Cleaners (Indoor),2022-04-03,Earth Choice,4,2022-04-01
Household Cleaners (Indoor),2022-04-03,White King,28,2022-04-01
Household Cleaners (Indoor),2022-04-10,Pine O Cleen,0,2022-04-01
Household Cleaners (Indoor),2022-04-10,Ajax,27,2022-04-01
Household Cleaners (Indoor),2022-04-10,Dettol,16,2022-04-01
Household Cleaners (Indoor),2022-04-10,Earth Choice,4,2022-04-01
Household Cleaners (Indoor),2022-04-10,White King,32,2022-04-01
Household Cleaners (Indoor),2022-04-17,Pine O Cleen,2,2022-04-01
Household Cleaners (Indoor),2022-04-17,Ajax,46,2022-04-01
Household Cleaners (Indoor),2022-04-17,Dettol,16,2022-04-01
Household Cleaners (Indoor),2022-04-17,Earth Choice,4,2022-04-01
Household Cleaners (Indoor),2022-04-17,White King,26,2022-04-01
Household Cleaners (Indoor),2022-04-24,Pine O Cleen,0,2022-04-01
Household Cleaners (Indoor),2022-04-24,Ajax,30,2022-04-01
Household Cleaners (Indoor),2022-04-24,Dettol,18,2022-04-01
Household Cleaners (Indoor),2022-04-24,Earth Choice,4,2022-04-01
Household Cleaners (Indoor),2022-04-24,White King,27,2022-04-01
Household Cleaners (Indoor),2022-05-01,Pine O Cleen,0,2022-05-01
Household Cleaners (Indoor),2022-05-01,Ajax,30,2022-05-01
Household Cleaners (Indoor),2022-05-01,Dettol,17,2022-05-01
Household Cleaners (Indoor),2022-05-01,Earth Choice,0,2022-05-01
Household Cleaners (Indoor),2022-05-01,White King,22,2022-05-01
Household Cleaners (Indoor),2022-05-08,Pine O Cleen,2,2022-05-01
Household Cleaners (Indoor),2022-05-08,Ajax,40,2022-05-01
Household Cleaners (Indoor),2022-05-08,Dettol,16,2022-05-01
Household Cleaners (Indoor),2022-05-08,Earth Choice,3,2022-05-01
Household Cleaners (Indoor),2022-05-08,White King,24,2022-05-01
Household Cleaners (Indoor),2022-05-15,Pine O Cleen,2,2022-05-01
Household Cleaners (Indoor),2022-05-15,Ajax,34,2022-05-01
Household Cleaners (Indoor),2022-05-15,Dettol,16,2022-05-01
Household Cleaners (Indoor),2022-05-15,Earth Choice,4,2022-05-01
Household Cleaners (Indoor),2022-05-15,White King,22,2022-05-01
Household Cleaners (Indoor),2022-05-22,Pine O Cleen,2,2022-05-01
Household Cleaners (Indoor),2022-05-22,Ajax,25,2022-05-01
Household Cleaners (Indoor),2022-05-22,Dettol,16,2022-05-01
Household Cleaners (Indoor),2022-05-22,Earth Choice,5,2022-05-01
Household Cleaners (Indoor),2022-05-22,White King,19,2022-05-01
Household Cleaners (Indoor),2022-05-29,Pine O Cleen,0,2022-05-01
Household Cleaners (Indoor),2022-05-29,Ajax,24,2022-05-01
Household Cleaners (Indoor),2022-05-29,Dettol,14,2022-05-01
Household Cleaners (Indoor),2022-05-29,Earth Choice,3,2022-05-01
Household Cleaners (Indoor),2022-05-29,White King,23,2022-05-01
Household Cleaners (Indoor),2022-06-05,Pine O Cleen,0,2022-06-01
Household Cleaners (Indoor),2022-06-05,Ajax,18,2022-06-01
Household Cleaners (Indoor),2022-06-05,Dettol,12,2022-06-01
Household Cleaners (Indoor),2022-06-05,Earth Choice,4,2022-06-01
Household Cleaners (Indoor),2022-06-05,White King,24,2022-06-01
Household Cleaners (Indoor),2022-06-12,Pine O Cleen,3,2022-06-01
Household Cleaners (Indoor),2022-06-12,Ajax,23,2022-06-01
Household Cleaners (Indoor),2022-06-12,Dettol,13,2022-06-01
Household Cleaners (Indoor),2022-06-12,Earth Choice,5,2022-06-01
Household Cleaners (Indoor),2022-06-12,White King,24,2022-06-01
Household Cleaners (Indoor),2022-06-19,Pine O Cleen,0,2022-06-01
Household Cleaners (Indoor),2022-06-19,Ajax,30,2022-06-01
Household Cleaners (Indoor),2022-06-19,Dettol,12,2022-06-01
Household Cleaners (Indoor),2022-06-19,Earth Choice,4,2022-06-01
Household Cleaners (Indoor),2022-06-19,White King,21,2022-06-01
Household Cleaners (Indoor),2022-06-26,Pine O Cleen,0,2022-06-01
Household Cleaners (Indoor),2022-06-26,Ajax,27,2022-06-01
Household Cleaners (Indoor),2022-06-26,Dettol,15,2022-06-01
Household Cleaners (Indoor),2022-06-26,Earth Choice,2,2022-06-01
Household Cleaners (Indoor),2022-06-26,White King,21,2022-06-01
Household Cleaners (Indoor),2022-07-03,Pine O Cleen,0,2022-07-01
Household Cleaners (Indoor),2022-07-03,Ajax,27,2022-07-01
Household Cleaners (Indoor),2022-07-03,Dettol,12,2022-07-01
Household Cleaners (Indoor),2022-07-03,Earth Choice,4,2022-07-01
Household Cleaners (Indoor),2022-07-03,White King,22,2022-07-01
Household Cleaners (Indoor),2022-07-10,Pine O Cleen,2,2022-07-01
Household Cleaners (Indoor),2022-07-10,Ajax,27,2022-07-01
Household Cleaners (Indoor),2022-07-10,Dettol,15,2022-07-01
Household Cleaners (Indoor),2022-07-10,Earth Choice,4,2022-07-01
Household Cleaners (Indoor),2022-07-10,White King,20,2022-07-01
Household Cleaners (Indoor),2022-07-17,Pine O Cleen,0,2022-07-01
Household Cleaners (Indoor),2022-07-17,Ajax,33,2022-07-01
Household Cleaners (Indoor),2022-07-17,Dettol,17,2022-07-01
Household Cleaners (Indoor),2022-07-17,Earth Choice,4,2022-07-01
Household Cleaners (Indoor),2022-07-17,White King,20,2022-07-01
Household Cleaners (Indoor),2022-07-24,Pine O Cleen,2,2022-07-01
Household Cleaners (Indoor),2022-07-24,Ajax,32,2022-07-01
Household Cleaners (Indoor),2022-07-24,Dettol,16,2022-07-01
Household Cleaners (Indoor),2022-07-24,Earth Choice,3,2022-07-01
Household Cleaners (Indoor),2022-07-24,White King,24,2022-07-01
Household Cleaners (Indoor),2022-07-31,Pine O Cleen,2,2022-07-01
Household Cleaners (Indoor),2022-07-31,Ajax,29,2022-07-01
Household Cleaners (Indoor),2022-07-31,Dettol,16,2022-07-01
Household Cleaners (Indoor),2022-07-31,Earth Choice,5,2022-07-01
Household Cleaners (Indoor),2022-07-31,White King,23,2022-07-01
Household Cleaners (Indoor),2022-08-07,Pine O Cleen,0,2022-08-01
Household Cleaners (Indoor),2022-08-07,Ajax,25,2022-08-01
Household Cleaners (Indoor),2022-08-07,Dettol,14,2022-08-01
Household Cleaners (Indoor),2022-08-07,Earth Choice,4,2022-08-01
Household Cleaners (Indoor),2022-08-07,White King,24,2022-08-01
Household Cleaners (Indoor),2022-08-14,Pine O Cleen,2,2022-08-01
Household Cleaners (Indoor),2022-08-14,Ajax,33,2022-08-01
Household Cleaners (Indoor),2022-08-14,Dettol,16,2022-08-01
Household Cleaners (Indoor),2022-08-14,Earth Choice,4,2022-08-01
Household Cleaners (Indoor),2022-08-14,White King,20,2022-08-01
Household Cleaners (Indoor),2022-08-21,Pine O Cleen,0,2022-08-01
Household Cleaners (Indoor),2022-08-21,Ajax,44,2022-08-01
Household Cleaners (Indoor),2022-08-21,Dettol,12,2022-08-01
Household Cleaners (Indoor),2022-08-21,Earth Choice,4,2022-08-01
Household Cleaners (Indoor),2022-08-21,White King,25,2022-08-01
Household Cleaners (Indoor),2022-08-28,Pine O Cleen,0,2022-08-01
Household Cleaners (Indoor),2022-08-28,Ajax,50,2022-08-01
Household Cleaners (Indoor),2022-08-28,Dettol,15,2022-08-01
Household Cleaners (Indoor),2022-08-28,Earth Choice,2,2022-08-01
Household Cleaners (Indoor),2022-08-28,White King,26,2022-08-01
Household Cleaners (Indoor),2022-09-04,Pine O Cleen,2,2022-09-01
Household Cleaners (Indoor),2022-09-04,Ajax,53,2022-09-01
Household Cleaners (Indoor),2022-09-04,Dettol,12,2022-09-01
Household Cleaners (Indoor),2022-09-04,Earth Choice,2,2022-09-01
Household Cleaners (Indoor),2022-09-04,White King,28,2022-09-01
Household Cleaners (Indoor),2022-09-11,Pine O Cleen,0,2022-09-01
Household Cleaners (Indoor),2022-09-11,Ajax,100,2022-09-01
Household Cleaners (Indoor),2022-09-11,Dettol,13,2022-09-01
Household Cleaners (Indoor),2022-09-11,Earth Choice,2,2022-09-01
Household Cleaners (Indoor),2022-09-11,White King,30,2022-09-01
Household Cleaners (Indoor),2022-09-18,Pine O Cleen,0,2022-09-01
Household Cleaners (Indoor),2022-09-18,Ajax,28,2022-09-01
Household Cleaners (Indoor),2022-09-18,Dettol,15,2022-09-01
Household Cleaners (Indoor),2022-09-18,Earth Choice,0,2022-09-01
Household Cleaners (Indoor),2022-09-18,White King,28,2022-09-01
Household Cleaners (Indoor),2022-09-25,Pine O Cleen,0,2022-09-01
Household Cleaners (Indoor),2022-09-25,Ajax,28,2022-09-01
Household Cleaners (Indoor),2022-09-25,Dettol,13,2022-09-01
Household Cleaners (Indoor),2022-09-25,Earth Choice,4,2022-09-01
Household Cleaners (Indoor),2022-09-25,White King,25,2022-09-01
Household Cleaners (Indoor),2022-10-02,Pine O Cleen,0,2022-10-01
Household Cleaners (Indoor),2022-10-02,Ajax,41,2022-10-01
Household Cleaners (Indoor),2022-10-02,Dettol,15,2022-10-01
Household Cleaners (Indoor),2022-10-02,Earth Choice,5,2022-10-01
Household Cleaners (Indoor),2022-10-02,White King,23,2022-10-01
Household Cleaners (Indoor),2022-10-09,Pine O Cleen,2,2022-10-01
Household Cleaners (Indoor),2022-10-09,Ajax,37,2022-10-01
Household Cleaners (Indoor),2022-10-09,Dettol,16,2022-10-01
Household Cleaners (Indoor),2022-10-09,Earth Choice,4,2022-10-01
Household Cleaners (Indoor),2022-10-09,White King,27,2022-10-01
Household Cleaners (Indoor),2022-10-16,Pine O Cleen,0,2022-10-01
Household Cleaners (Indoor),2022-10-16,Ajax,28,2022-10-01
Household Cleaners (Indoor),2022-10-16,Dettol,12,2022-10-01
Household Cleaners (Indoor),2022-10-16,Earth Choice,4,2022-10-01
Household Cleaners (Indoor),2022-10-16,White King,23,2022-10-01
Household Cleaners (Indoor),2022-10-23,Pine O Cleen,0,2022-10-01
Household Cleaners (Indoor),2022-10-23,Ajax,76,2022-10-01
Household Cleaners (Indoor),2022-10-23,Dettol,15,2022-10-01
Household Cleaners (Indoor),2022-10-23,Earth Choice,4,2022-10-01
Household Cleaners (Indoor),2022-10-23,White King,22,2022-10-01
Household Cleaners (Indoor),2022-10-30,Pine O Cleen,0,2022-10-01
Household Cleaners (Indoor),2022-10-30,Ajax,33,2022-10-01
Household Cleaners (Indoor),2022-10-30,Dettol,16,2022-10-01
Household Cleaners (Indoor),2022-10-30,Earth Choice,4,2022-10-01
Household Cleaners (Indoor),2022-10-30,White King,22,2022-10-01
Household Cleaners (Indoor),2022-11-06,Pine O Cleen,0,2022-11-01
Household Cleaners (Indoor),2022-11-06,Ajax,30,2022-11-01
Household Cleaners (Indoor),2022-11-06,Dettol,14,2022-11-01
Household Cleaners (Indoor),2022-11-06,Earth Choice,3,2022-11-01
Household Cleaners (Indoor),2022-11-06,White King,23,2022-11-01
Household Cleaners (Indoor),2022-11-13,Pine O Cleen,0,2022-11-01
Household Cleaners (Indoor),2022-11-13,Ajax,23,2022-11-01
Household Cleaners (Indoor),2022-11-13,Dettol,15,2022-11-01
Household Cleaners (Indoor),2022-11-13,Earth Choice,5,2022-11-01
Household Cleaners (Indoor),2022-11-13,White King,25,2022-11-01
Household Cleaners (Indoor),2022-11-20,Pine O Cleen,0,2022-11-01
Household Cleaners (Indoor),2022-11-20,Ajax,23,2022-11-01
Household Cleaners (Indoor),2022-11-20,Dettol,15,2022-11-01
Household Cleaners (Indoor),2022-11-20,Earth Choice,3,2022-11-01
Household Cleaners (Indoor),2022-11-20,White King,22,2022-11-01
Household Cleaners (Indoor),2022-11-27,Pine O Cleen,2,2022-11-01
Household Cleaners (Indoor),2022-11-27,Ajax,38,2022-11-01
Household Cleaners (Indoor),2022-11-27,Dettol,15,2022-11-01
Household Cleaners (Indoor),2022-11-27,Earth Choice,3,2022-11-01
Household Cleaners (Indoor),2022-11-27,White King,21,2022-11-01
Household Cleaners (Indoor),2022-12-04,Pine O Cleen,0,2022-12-01
Household Cleaners (Indoor),2022-12-04,Ajax,42,2022-12-01
Household Cleaners (Indoor),2022-12-04,Dettol,15,2022-12-01
Household Cleaners (Indoor),2022-12-04,Earth Choice,4,2022-12-01
Household Cleaners (Indoor),2022-12-04,White King,22,2022-12-01
Household Cleaners (Indoor),2022-12-11,Pine O Cleen,0,2022-12-01
Household Cleaners (Indoor),2022-12-11,Ajax,26,2022-12-01
Household Cleaners (Indoor),2022-12-11,Dettol,15,2022-12-01
Household Cleaners (Indoor),2022-12-11,Earth Choice,2,2022-12-01
Household Cleaners (Indoor),2022-12-11,White King,23,2022-12-01
Household Cleaners (Indoor),2022-12-18,Pine O Cleen,0,2022-12-01
Household Cleaners (Indoor),2022-12-18,Ajax,25,2022-12-01
Household Cleaners (Indoor),2022-12-18,Dettol,13,2022-12-01
Household Cleaners (Indoor),2022-12-18,Earth Choice,3,2022-12-01
Household Cleaners (Indoor),2022-12-18,White King,22,2022-12-01
Household Cleaners (Indoor),2022-12-25,Pine O Cleen,2,2022-12-01
Household Cleaners (Indoor),2022-12-25,Ajax,20,2022-12-01
Household Cleaners (Indoor),2022-12-25,Dettol,18,2022-12-01
Household Cleaners (Indoor),2022-12-25,Earth Choice,4,2022-12-01
Household Cleaners (Indoor),2022-12-25,White King,25,2022-12-01
Household Cleaners (Indoor),2023-01-01,Pine O Cleen,0,2023-01-01
Household Cleaners (Indoor),2023-01-01,Ajax,23,2023-01-01
Household Cleaners (Indoor),2023-01-01,Dettol,16,2023-01-01
Household Cleaners (Indoor),2023-01-01,Earth Choice,4,2023-01-01
Household Cleaners (Indoor),2023-01-01,White King,27,2023-01-01
Household Cleaners (Indoor),2023-01-08,Pine O Cleen,0,2023-01-01
Household Cleaners (Indoor),2023-01-08,Ajax,26,2023-01-01
Household Cleaners (Indoor),2023-01-08,Dettol,19,2023-01-01
Household Cleaners (Indoor),2023-01-08,Earth Choice,4,2023-01-01
Household Cleaners (Indoor),2023-01-08,White King,24,2023-01-01
Household Cleaners (Indoor),2023-01-15,Pine O Cleen,0,2023-01-01
Household Cleaners (Indoor),2023-01-15,Ajax,22,2023-01-01
Household Cleaners (Indoor),2023-01-15,Dettol,17,2023-01-01
Household Cleaners (Indoor),2023-01-15,Earth Choice,3,2023-01-01
Household Cleaners (Indoor),2023-01-15,White King,22,2023-01-01
Household Cleaners (Indoor),2023-01-22,Pine O Cleen,0,2023-01-01
Household Cleaners (Indoor),2023-01-22,Ajax,32,2023-01-01
Household Cleaners (Indoor),2023-01-22,Dettol,16,2023-01-01
Household Cleaners (Indoor),2023-01-22,Earth Choice,4,2023-01-01
Household Cleaners (Indoor),2023-01-22,White King,26,2023-01-01
Household Cleaners (Indoor),2023-01-29,Pine O Cleen,2,2023-01-01
Household Cleaners (Indoor),2023-01-29,Ajax,25,2023-01-01
Household Cleaners (Indoor),2023-01-29,Dettol,18,2023-01-01
Household Cleaners (Indoor),2023-01-29,Earth Choice,5,2023-01-01
Household Cleaners (Indoor),2023-01-29,White King,22,2023-01-01
Household Cleaners (Indoor),2023-02-05,Pine O Cleen,0,2023-02-01
Household Cleaners (Indoor),2023-02-05,Ajax,28,2023-02-01
Household Cleaners (Indoor),2023-02-05,Dettol,16,2023-02-01
Household Cleaners (Indoor),2023-02-05,Earth Choice,5,2023-02-01
Household Cleaners (Indoor),2023-02-05,White King,24,2023-02-01
Household Cleaners (Indoor),2023-02-12,Pine O Cleen,2,2023-02-01
Household Cleaners (Indoor),2023-02-12,Ajax,31,2023-02-01
Household Cleaners (Indoor),2023-02-12,Dettol,17,2023-02-01
Household Cleaners (Indoor),2023-02-12,Earth Choice,5,2023-02-01
Household Cleaners (Indoor),2023-02-12,White King,21,2023-02-01
Household Cleaners (Indoor),2023-02-19,Pine O Cleen,2,2023-02-01
Household Cleaners (Indoor),2023-02-19,Ajax,30,2023-02-01
Household Cleaners (Indoor),2023-02-19,Dettol,14,2023-02-01
Household Cleaners (Indoor),2023-02-19,Earth Choice,4,2023-02-01
Household Cleaners (Indoor),2023-02-19,White King,19,2023-02-01
Household Cleaners (Indoor),2023-02-26,Pine O Cleen,0,2023-02-01
Household Cleaners (Indoor),2023-02-26,Ajax,27,2023-02-01
Household Cleaners (Indoor),2023-02-26,Dettol,15,2023-02-01
Household Cleaners (Indoor),2023-02-26,Earth Choice,4,2023-02-01
Household Cleaners (Indoor),2023-02-26,White King,21,2023-02-01
Household Cleaners (Indoor),2023-03-05,Pine O Cleen,0,2023-03-01
Household Cleaners (Indoor),2023-03-05,Ajax,21,2023-03-01
Household Cleaners (Indoor),2023-03-05,Dettol,15,2023-03-01
Household Cleaners (Indoor),2023-03-05,Earth Choice,4,2023-03-01
Household Cleaners (Indoor),2023-03-05,White King,21,2023-03-01
Household Cleaners (Indoor),2023-03-12,Pine O Cleen,0,2023-03-01
Household Cleaners (Indoor),2023-03-12,Ajax,19,2023-03-01
Household Cleaners (Indoor),2023-03-12,Dettol,16,2023-03-01
Household Cleaners (Indoor),2023-03-12,Earth Choice,4,2023-03-01
Household Cleaners (Indoor),2023-03-12,White King,23,2023-03-01
Household Cleaners (Indoor),2023-03-19,Pine O Cleen,0,2023-03-01
Household Cleaners (Indoor),2023-03-19,Ajax,25,2023-03-01
Household Cleaners (Indoor),2023-03-19,Dettol,14,2023-03-01
Household Cleaners (Indoor),2023-03-19,Earth Choice,3,2023-03-01
Household Cleaners (Indoor),2023-03-19,White King,17,2023-03-01
Household Cleaners (Indoor),2023-03-26,Pine O Cleen,0,2023-03-01
Household Cleaners (Indoor),2023-03-26,Ajax,20,2023-03-01
Household Cleaners (Indoor),2023-03-26,Dettol,14,2023-03-01
Household Cleaners (Indoor),2023-03-26,Earth Choice,5,2023-03-01
Household Cleaners (Indoor),2023-03-26,White King,22,2023-03-01
Household Cleaners (Indoor),2023-04-02,Pine O Cleen,0,2023-04-01
Household Cleaners (Indoor),2023-04-02,Ajax,29,2023-04-01
Household Cleaners (Indoor),2023-04-02,Dettol,17,2023-04-01
Household Cleaners (Indoor),2023-04-02,Earth Choice,4,2023-04-01
Household Cleaners (Indoor),2023-04-02,White King,18,2023-04-01
Household Cleaners (Indoor),2023-04-09,Pine O Cleen,0,2023-04-01
Household Cleaners (Indoor),2023-04-09,Ajax,24,2023-04-01
Household Cleaners (Indoor),2023-04-09,Dettol,15,2023-04-01
Household Cleaners (Indoor),2023-04-09,Earth Choice,4,2023-04-01
Household Cleaners (Indoor),2023-04-09,White King,20,2023-04-01
Household Cleaners (Indoor),2023-04-16,Pine O Cleen,0,2023-04-01
Household Cleaners (Indoor),2023-04-16,Ajax,24,2023-04-01
Household Cleaners (Indoor),2023-04-16,Dettol,17,2023-04-01
Household Cleaners (Indoor),2023-04-16,Earth Choice,3,2023-04-01
Household Cleaners (Indoor),2023-04-16,White King,23,2023-04-01
Household Cleaners (Indoor),2023-04-23,Pine O Cleen,0,2023-04-01
Household Cleaners (Indoor),2023-04-23,Ajax,30,2023-04-01
Household Cleaners (Indoor),2023-04-23,Dettol,16,2023-04-01
Household Cleaners (Indoor),2023-04-23,Earth Choice,4,2023-04-01
Household Cleaners (Indoor),2023-04-23,White King,24,2023-04-01
Household Cleaners (Indoor),2023-04-30,Pine O Cleen,2,2023-04-01
Household Cleaners (Indoor),2023-04-30,Ajax,30,2023-04-01
Household Cleaners (Indoor),2023-04-30,Dettol,15,2023-04-01
Household Cleaners (Indoor),2023-04-30,Earth Choice,4,2023-04-01
Household Cleaners (Indoor),2023-04-30,White King,30,2023-04-01
Household Cleaners (Indoor),2023-05-07,Pine O Cleen,0,2023-05-01
Household Cleaners (Indoor),2023-05-07,Ajax,25,2023-05-01
Household Cleaners (Indoor),2023-05-07,Dettol,16,2023-05-01
Household Cleaners (Indoor),2023-05-07,Earth Choice,4,2023-05-01
Household Cleaners (Indoor),2023-05-07,White King,25,2023-05-01
Household Cleaners (Indoor),2023-05-14,Pine O Cleen,0,2023-05-01
Household Cleaners (Indoor),2023-05-14,Ajax,30,2023-05-01
Household Cleaners (Indoor),2023-05-14,Dettol,13,2023-05-01
Household Cleaners (Indoor),2023-05-14,Earth Choice,4,2023-05-01
Household Cleaners (Indoor),2023-05-14,White King,21,2023-05-01
Household Cleaners (Indoor),2023-05-21,Pine O Cleen,0,2023-05-01
Household Cleaners (Indoor),2023-05-21,Ajax,30,2023-05-01
Household Cleaners (Indoor),2023-05-21,Dettol,15,2023-05-01
Household Cleaners (Indoor),2023-05-21,Earth Choice,5,2023-05-01
Household Cleaners (Indoor),2023-05-21,White King,22,2023-05-01
Household Cleaners (Indoor),2023-05-28,Pine O Cleen,2,2023-05-01
Household Cleaners (Indoor),2023-05-28,Ajax,27,2023-05-01
Household Cleaners (Indoor),2023-05-28,Dettol,15,2023-05-01
Household Cleaners (Indoor),2023-05-28,Earth Choice,6,2023-05-01
Household Cleaners (Indoor),2023-05-28,White King,22,2023-05-01
Household Cleaners (Indoor),2023-06-04,Pine O Cleen,0,2023-06-01
Household Cleaners (Indoor),2023-06-04,Ajax,24,2023-06-01
Household Cleaners (Indoor),2023-06-04,Dettol,15,2023-06-01
Household Cleaners (Indoor),2023-06-04,Earth Choice,4,2023-06-01
Household Cleaners (Indoor),2023-06-04,White King,18,2023-06-01
Household Cleaners (Indoor),2023-06-11,Pine O Cleen,0,2023-06-01
Household Cleaners (Indoor),2023-06-11,Ajax,21,2023-06-01
Household Cleaners (Indoor),2023-06-11,Dettol,13,2023-06-01
Household Cleaners (Indoor),2023-06-11,Earth Choice,5,2023-06-01
Household Cleaners (Indoor),2023-06-11,White King,24,2023-06-01
Household Cleaners (Indoor),2023-06-18,Pine O Cleen,2,2023-06-01
Household Cleaners (Indoor),2023-06-18,Ajax,25,2023-06-01
Household Cleaners (Indoor),2023-06-18,Dettol,12,2023-06-01
Household Cleaners (Indoor),2023-06-18,Earth Choice,5,2023-06-01
Household Cleaners (Indoor),2023-06-18,White King,22,2023-06-01
Household Cleaners (Indoor),2023-06-25,Pine O Cleen,3,2023-06-01
Household Cleaners (Indoor),2023-06-25,Ajax,24,2023-06-01
Household Cleaners (Indoor),2023-06-25,Dettol,16,2023-06-01
Household Cleaners (Indoor),2023-06-25,Earth Choice,4,2023-06-01
Household Cleaners (Indoor),2023-06-25,White King,23,2023-06-01
Household Cleaners (Indoor),2023-07-02,Pine O Cleen,0,2023-07-01
Household Cleaners (Indoor),2023-07-02,Ajax,25,2023-07-01
Household Cleaners (Indoor),2023-07-02,Dettol,16,2023-07-01
Household Cleaners (Indoor),2023-07-02,Earth Choice,4,2023-07-01
Household Cleaners (Indoor),2023-07-02,White King,22,2023-07-01
Household Cleaners (Indoor),2023-07-09,Pine O Cleen,0,2023-07-01
Household Cleaners (Indoor),2023-07-09,Ajax,25,2023-07-01
Household Cleaners (Indoor),2023-07-09,Dettol,18,2023-07-01
Household Cleaners (Indoor),2023-07-09,Earth Choice,5,2023-07-01
Household Cleaners (Indoor),2023-07-09,White King,24,2023-07-01
Household Cleaners (Indoor),2023-07-16,Pine O Cleen,0,2023-07-01
Household Cleaners (Indoor),2023-07-16,Ajax,27,2023-07-01
Household Cleaners (Indoor),2023-07-16,Dettol,17,2023-07-01
Household Cleaners (Indoor),2023-07-16,Earth Choice,4,2023-07-01
Household Cleaners (Indoor),2023-07-16,White King,18,2023-07-01
Household Cleaners (Indoor),2023-07-23,Pine O Cleen,2,2023-07-01
Household Cleaners (Indoor),2023-07-23,Ajax,28,2023-07-01
Household Cleaners (Indoor),2023-07-23,Dettol,16,2023-07-01
Household Cleaners (Indoor),2023-07-23,Earth Choice,6,2023-07-01
Household Cleaners (Indoor),2023-07-23,White King,19,2023-07-01
Household Cleaners (Indoor),2023-07-30,Pine O Cleen,0,2023-07-01
Household Cleaners (Indoor),2023-07-30,Ajax,28,2023-07-01
Household Cleaners (Indoor),2023-07-30,Dettol,15,2023-07-01
Household Cleaners (Indoor),2023-07-30,Earth Choice,5,2023-07-01
Household Cleaners (Indoor),2023-07-30,White King,21,2023-07-01
Household Cleaners (Indoor),2023-08-06,Pine O Cleen,0,2023-08-01
Household Cleaners (Indoor),2023-08-06,Ajax,31,2023-08-01
Household Cleaners (Indoor),2023-08-06,Dettol,13,2023-08-01
Household Cleaners (Indoor),2023-08-06,Earth Choice,5,2023-08-01
Household Cleaners (Indoor),2023-08-06,White King,24,2023-08-01
Household Cleaners (Indoor),2023-08-13,Pine O Cleen,0,2023-08-01
Household Cleaners (Indoor),2023-08-13,Ajax,26,2023-08-01
Household Cleaners (Indoor),2023-08-13,Dettol,14,2023-08-01
Household Cleaners (Indoor),2023-08-13,Earth Choice,4,2023-08-01
Household Cleaners (Indoor),2023-08-13,White King,21,2023-08-01
Household Cleaners (Indoor),2023-08-20,Pine O Cleen,2,2023-08-01
Household Cleaners (Indoor),2023-08-20,Ajax,33,2023-08-01
Household Cleaners (Indoor),2023-08-20,Dettol,12,2023-08-01
Household Cleaners (Indoor),2023-08-20,Earth Choice,5,2023-08-01
Household Cleaners (Indoor),2023-08-20,White King,25,2023-08-01
Household Cleaners (Indoor),2023-08-27,Pine O Cleen,0,2023-08-01
Household Cleaners (Indoor),2023-08-27,Ajax,32,2023-08-01
Household Cleaners (Indoor),2023-08-27,Dettol,12,2023-08-01
Household Cleaners (Indoor),2023-08-27,Earth Choice,5,2023-08-01
Household Cleaners (Indoor),2023-08-27,White King,22,2023-08-01
Household Cleaners (Indoor),2023-09-03,Pine O Cleen,0,2023-09-01
Household Cleaners (Indoor),2023-09-03,Ajax,29,2023-09-01
Household Cleaners (Indoor),2023-09-03,Dettol,16,2023-09-01
Household Cleaners (Indoor),2023-09-03,Earth Choice,4,2023-09-01
Household Cleaners (Indoor),2023-09-03,White King,20,2023-09-01
Household Cleaners (Indoor),2023-09-10,Pine O Cleen,0,2023-09-01
Household Cleaners (Indoor),2023-09-10,Ajax,25,2023-09-01
Household Cleaners (Indoor),2023-09-10,Dettol,15,2023-09-01
Household Cleaners (Indoor),2023-09-10,Earth Choice,4,2023-09-01
Household Cleaners (Indoor),2023-09-10,White King,23,2023-09-01
Household Cleaners (Indoor),2023-09-17,Pine O Cleen,2,2023-09-01
Household Cleaners (Indoor),2023-09-17,Ajax,35,2023-09-01
Household Cleaners (Indoor),2023-09-17,Dettol,15,2023-09-01
Household Cleaners (Indoor),2023-09-17,Earth Choice,4,2023-09-01
Household Cleaners (Indoor),2023-09-17,White King,21,2023-09-01
Household Cleaners (Indoor),2023-09-24,Pine O Cleen,0,2023-09-01
Household Cleaners (Indoor),2023-09-24,Ajax,42,2023-09-01
Household Cleaners (Indoor),2023-09-24,Dettol,12,2023-09-01
Household Cleaners (Indoor),2023-09-24,Earth Choice,5,2023-09-01
Household Cleaners (Indoor),2023-09-24,White King,23,2023-09-01
Household Cleaners (Indoor),2023-10-01,Pine O Cleen,2,2023-10-01
Household Cleaners (Indoor),2023-10-01,Ajax,37,2023-10-01
Household Cleaners (Indoor),2023-10-01,Dettol,16,2023-10-01
Household Cleaners (Indoor),2023-10-01,Earth Choice,5,2023-10-01
Household Cleaners (Indoor),2023-10-01,White King,23,2023-10-01
Household Cleaners (Indoor),2023-10-08,Pine O Cleen,0,2023-10-01
Household Cleaners (Indoor),2023-10-08,Ajax,28,2023-10-01
Household Cleaners (Indoor),2023-10-08,Dettol,14,2023-10-01
Household Cleaners (Indoor),2023-10-08,Earth Choice,3,2023-10-01
Household Cleaners (Indoor),2023-10-08,White King,25,2023-10-01
Household Cleaners (Indoor),2023-10-15,Pine O Cleen,0,2023-10-01
Household Cleaners (Indoor),2023-10-15,Ajax,25,2023-10-01
Household Cleaners (Indoor),2023-10-15,Dettol,12,2023-10-01
Household Cleaners (Indoor),2023-10-15,Earth Choice,4,2023-10-01
Household Cleaners (Indoor),2023-10-15,White King,23,2023-10-01
Household Cleaners (Indoor),2023-10-22,Pine O Cleen,0,2023-10-01
Household Cleaners (Indoor),2023-10-22,Ajax,50,2023-10-01
Household Cleaners (Indoor),2023-10-22,Dettol,14,2023-10-01
Household Cleaners (Indoor),2023-10-22,Earth Choice,5,2023-10-01
Household Cleaners (Indoor),2023-10-22,White King,27,2023-10-01
Household Cleaners (Indoor),2023-10-29,Pine O Cleen,2,2023-10-01
Household Cleaners (Indoor),2023-10-29,Ajax,47,2023-10-01
Household Cleaners (Indoor),2023-10-29,Dettol,15,2023-10-01
Household Cleaners (Indoor),2023-10-29,Earth Choice,5,2023-10-01
Household Cleaners (Indoor),2023-10-29,White King,24,2023-10-01
Household Cleaners (Indoor),2023-11-05,Pine O Cleen,2,2023-11-01
Household Cleaners (Indoor),2023-11-05,Ajax,43,2023-11-01
Household Cleaners (Indoor),2023-11-05,Dettol,15,2023-11-01
Household Cleaners (Indoor),2023-11-05,Earth Choice,5,2023-11-01
Household Cleaners (Indoor),2023-11-05,White King,21,2023-11-01
Household Cleaners (Indoor),2023-11-12,Pine O Cleen,0,2023-11-01
Household Cleaners (Indoor),2023-11-12,Ajax,21,2023-11-01
Household Cleaners (Indoor),2023-11-12,Dettol,15,2023-11-01
Household Cleaners (Indoor),2023-11-12,Earth Choice,6,2023-11-01
Household Cleaners (Indoor),2023-11-12,White King,21,2023-11-01
Household Cleaners (Indoor),2023-11-19,Pine O Cleen,2,2023-11-01
Household Cleaners (Indoor),2023-11-19,Ajax,21,2023-11-01
Household Cleaners (Indoor),2023-11-19,Dettol,16,2023-11-01
Household Cleaners (Indoor),2023-11-19,Earth Choice,4,2023-11-01
Household Cleaners (Indoor),2023-11-19,White King,25,2023-11-01
Household Cleaners (Indoor),2023-11-26,Pine O Cleen,0,2023-11-01
Household Cleaners (Indoor),2023-11-26,Ajax,30,2023-11-01
Household Cleaners (Indoor),2023-11-26,Dettol,16,2023-11-01
Household Cleaners (Indoor),2023-11-26,Earth Choice,4,2023-11-01
Household Cleaners (Indoor),2023-11-26,White King,21,2023-11-01
Household Cleaners (Indoor),2023-12-03,Pine O Cleen,0,2023-12-01
Household Cleaners (Indoor),2023-12-03,Ajax,26,2023-12-01
Household Cleaners (Indoor),2023-12-03,Dettol,19,2023-12-01
Household Cleaners (Indoor),2023-12-03,Earth Choice,6,2023-12-01
Household Cleaners (Indoor),2023-12-03,White King,20,2023-12-01
Household Cleaners (Indoor),2023-12-10,Pine O Cleen,0,2023-12-01
Household Cleaners (Indoor),2023-12-10,Ajax,26,2023-12-01
Household Cleaners (Indoor),2023-12-10,Dettol,16,2023-12-01
Household Cleaners (Indoor),2023-12-10,Earth Choice,3,2023-12-01
Household Cleaners (Indoor),2023-12-10,White King,19,2023-12-01
Household Cleaners (Indoor),2023-12-17,Pine O Cleen,0,2023-12-01
Household Cleaners (Indoor),2023-12-17,Ajax,31,2023-12-01
Household Cleaners (Indoor),2023-12-17,Dettol,16,2023-12-01
Household Cleaners (Indoor),2023-12-17,Earth Choice,4,2023-12-01
Household Cleaners (Indoor),2023-12-17,White King,20,2023-12-01
Household Cleaners (Indoor),2023-12-24,Pine O Cleen,0,2023-12-01
Household Cleaners (Indoor),2023-12-24,Ajax,18,2023-12-01
Household Cleaners (Indoor),2023-12-24,Dettol,19,2023-12-01
Household Cleaners (Indoor),2023-12-24,Earth Choice,6,2023-12-01
Household Cleaners (Indoor),2023-12-24,White King,26,2023-12-01
Household Cleaners (Indoor),2023-12-31,Pine O Cleen,0,2023-12-01
Household Cleaners (Indoor),2023-12-31,Ajax,15,2023-12-01
Household Cleaners (Indoor),2023-12-31,Dettol,19,2023-12-01
Household Cleaners (Indoor),2023-12-31,Earth Choice,4,2023-12-01
Household Cleaners (Indoor),2023-12-31,White King,22,2023-12-01
Household Cleaners (Indoor),2024-01-07,Pine O Cleen,0,2024-01-01
Household Cleaners (Indoor),2024-01-07,Ajax,20,2024-01-01
Household Cleaners (Indoor),2024-01-07,Dettol,19,2024-01-01
Household Cleaners (Indoor),2024-01-07,Earth Choice,7,2024-01-01
Household Cleaners (Indoor),2024-01-07,White King,25,2024-01-01
Household Cleaners (Indoor),2024-01-14,Pine O Cleen,2,2024-01-01
Household Cleaners (Indoor),2024-01-14,Ajax,27,2024-01-01
Household Cleaners (Indoor),2024-01-14,Dettol,19,2024-01-01
Household Cleaners (Indoor),2024-01-14,Earth Choice,5,2024-01-01
Household Cleaners (Indoor),2024-01-14,White King,24,2024-01-01
Household Cleaners (Indoor),2024-01-21,Pine O Cleen,0,2024-01-01
Household Cleaners (Indoor),2024-01-21,Ajax,28,2024-01-01
Household Cleaners (Indoor),2024-01-21,Dettol,16,2024-01-01
Household Cleaners (Indoor),2024-01-21,Earth Choice,4,2024-01-01
Household Cleaners (Indoor),2024-01-21,White King,24,2024-01-01
Household Cleaners (Indoor),2024-01-28,Pine O Cleen,2,2024-01-01
Household Cleaners (Indoor),2024-01-28,Ajax,27,2024-01-01
Household Cleaners (Indoor),2024-01-28,Dettol,17,2024-01-01
Household Cleaners (Indoor),2024-01-28,Earth Choice,5,2024-01-01
Household Cleaners (Indoor),2024-01-28,White King,22,2024-01-01
Household Cleaners (Indoor),2024-02-04,Pine O Cleen,2,2024-02-01
Household Cleaners (Indoor),2024-02-04,Ajax,29,2024-02-01
Household Cleaners (Indoor),2024-02-04,Dettol,18,2024-02-01
Household Cleaners (Indoor),2024-02-04,Earth Choice,5,2024-02-01
Household Cleaners (Indoor),2024-02-04,White King,27,2024-02-01
Household Cleaners (Indoor),2024-02-11,Pine O Cleen,0,2024-02-01
Household Cleaners (Indoor),2024-02-11,Ajax,31,2024-02-01
Household Cleaners (Indoor),2024-02-11,Dettol,18,2024-02-01
Household Cleaners (Indoor),2024-02-11,Earth Choice,5,2024-02-01
Household Cleaners (Indoor),2024-02-11,White King,19,2024-02-01
Household Cleaners (Indoor),2024-02-18,Pine O Cleen,2,2024-02-01
Household Cleaners (Indoor),2024-02-18,Ajax,29,2024-02-01
Household Cleaners (Indoor),2024-02-18,Dettol,17,2024-02-01
Household Cleaners (Indoor),2024-02-18,Earth Choice,2,2024-02-01
Household Cleaners (Indoor),2024-02-18,White King,21,2024-02-01
Household Cleaners (Indoor),2024-02-25,Pine O Cleen,0,2024-02-01
Household Cleaners (Indoor),2024-02-25,Ajax,26,2024-02-01
Household Cleaners (Indoor),2024-02-25,Dettol,18,2024-02-01
Household Cleaners (Indoor),2024-02-25,Earth Choice,4,2024-02-01
Household Cleaners (Indoor),2024-02-25,White King,21,2024-02-01
Household Cleaners (Indoor),2024-03-03,Pine O Cleen,0,2024-03-01
Household Cleaners (Indoor),2024-03-03,Ajax,41,2024-03-01
Household Cleaners (Indoor),2024-03-03,Dettol,19,2024-03-01
Household Cleaners (Indoor),2024-03-03,Earth Choice,6,2024-03-01
Household Cleaners (Indoor),2024-03-03,White King,25,2024-03-01
Household Cleaners (Indoor),2024-03-10,Pine O Cleen,0,2024-03-01
Household Cleaners (Indoor),2024-03-10,Ajax,45,2024-03-01
Household Cleaners (Indoor),2024-03-10,Dettol,19,2024-03-01
Household Cleaners (Indoor),2024-03-10,Earth Choice,5,2024-03-01
Household Cleaners (Indoor),2024-03-10,White King,26,2024-03-01
Household Cleaners (Indoor),2024-03-17,Pine O Cleen,2,2024-03-01
Household Cleaners (Indoor),2024-03-17,Ajax,33,2024-03-01
Household Cleaners (Indoor),2024-03-17,Dettol,15,2024-03-01
Household Cleaners (Indoor),2024-03-17,Earth Choice,3,2024-03-01
Household Cleaners (Indoor),2024-03-17,White King,25,2024-03-01
Household Cleaners (Indoor),2024-03-24,Pine O Cleen,0,2024-03-01
Household Cleaners (Indoor),2024-03-24,Ajax,33,2024-03-01
Household Cleaners (Indoor),2024-03-24,Dettol,15,2024-03-01
Household Cleaners (Indoor),2024-03-24,Earth Choice,4,2024-03-01
Household Cleaners (Indoor),2024-03-24,White King,23,2024-03-01
Household Cleaners (Indoor),2024-03-31,Pine O Cleen,2,2024-03-01
Household Cleaners (Indoor),2024-03-31,Ajax,31,2024-03-01
Household Cleaners (Indoor),2024-03-31,Dettol,17,2024-03-01
Household Cleaners (Indoor),2024-03-31,Earth Choice,4,2024-03-01
Household Cleaners (Indoor),2024-03-31,White King,23,2024-03-01
Household Cleaners (Indoor),2024-04-07,Pine O Cleen,0,2024-04-01
Household Cleaners (Indoor),2024-04-07,Ajax,31,2024-04-01
Household Cleaners (Indoor),2024-04-07,Dettol,16,2024-04-01
Household Cleaners (Indoor),2024-04-07,Earth Choice,5,2024-04-01
Household Cleaners (Indoor),2024-04-07,White King,23,2024-04-01
Household Cleaners (Indoor),2024-04-14,Pine O Cleen,0,2024-04-01
Household Cleaners (Indoor),2024-04-14,Ajax,23,2024-04-01
Household Cleaners (Indoor),2024-04-14,Dettol,17,2024-04-01
Household Cleaners (Indoor),2024-04-14,Earth Choice,4,2024-04-01
Household Cleaners (Indoor),2024-04-14,White King,22,2024-04-01
Household Cleaners (Indoor),2024-04-21,Pine O Cleen,0,2024-04-01
Household Cleaners (Indoor),2024-04-21,Ajax,25,2024-04-01
Household Cleaners (Indoor),2024-04-21,Dettol,17,2024-04-01
Household Cleaners (Indoor),2024-04-21,Earth Choice,4,2024-04-01
Household Cleaners (Indoor),2024-04-21,White King,22,2024-04-01
Household Cleaners (Indoor),2024-04-28,Pine O Cleen,0,2024-04-01
Household Cleaners (Indoor),2024-04-28,Ajax,23,2024-04-01
Household Cleaners (Indoor),2024-04-28,Dettol,18,2024-04-01
Household Cleaners (Indoor),2024-04-28,Earth Choice,5,2024-04-01
Household Cleaners (Indoor),2024-04-28,White King,22,2024-04-01
Household Cleaners (Indoor),2024-05-05,Pine O Cleen,2,2024-05-01
Household Cleaners (Indoor),2024-05-05,Ajax,25,2024-05-01
Household Cleaners (Indoor),2024-05-05,Dettol,13,2024-05-01
Household Cleaners (Indoor),2024-05-05,Earth Choice,5,2024-05-01
Household Cleaners (Indoor),2024-05-05,White King,28,2024-05-01
Household Cleaners (Indoor),2024-05-12,Pine O Cleen,0,2024-05-01
Household Cleaners (Indoor),2024-05-12,Ajax,24,2024-05-01
Household Cleaners (Indoor),2024-05-12,Dettol,15,2024-05-01
Household Cleaners (Indoor),2024-05-12,Earth Choice,5,2024-05-01
Household Cleaners (Indoor),2024-05-12,White King,25,2024-05-01
Household Cleaners (Indoor),2024-05-19,Pine O Cleen,0,2024-05-01
Household Cleaners (Indoor),2024-05-19,Ajax,26,2024-05-01
Household Cleaners (Indoor),2024-05-19,Dettol,18,2024-05-01
Household Cleaners (Indoor),2024-05-19,Earth Choice,5,2024-05-01
Household Cleaners (Indoor),2024-05-19,White King,23,2024-05-01
Household Cleaners (Indoor),2024-05-26,Pine O Cleen,0,2024-05-01
Household Cleaners (Indoor),2024-05-26,Ajax,25,2024-05-01
Household Cleaners (Indoor),2024-05-26,Dettol,17,2024-05-01
Household Cleaners (Indoor),2024-05-26,Earth Choice,5,2024-05-01
Household Cleaners (Indoor),2024-05-26,White King,23,2024-05-01
Household Cleaners (Indoor),2024-06-02,Pine O Cleen,0,2024-06-01
Household Cleaners (Indoor),2024-06-02,Ajax,22,2024-06-01
Household Cleaners (Indoor),2024-06-02,Dettol,14,2024-06-01
Household Cleaners (Indoor),2024-06-02,Earth Choice,4,2024-06-01
Household Cleaners (Indoor),2024-06-02,White King,24,2024-06-01
Household Cleaners (Indoor),2024-06-09,Pine O Cleen,2,2024-06-01
Household Cleaners (Indoor),2024-06-09,Ajax,17,2024-06-01
Household Cleaners (Indoor),2024-06-09,Dettol,16,2024-06-01
Household Cleaners (Indoor),2024-06-09,Earth Choice,3,2024-06-01
Household Cleaners (Indoor),2024-06-09,White King,24,2024-06-01
Household Cleaners (Indoor),2024-06-16,Pine O Cleen,0,2024-06-01
Household Cleaners (Indoor),2024-06-16,Ajax,21,2024-06-01
Household Cleaners (Indoor),2024-06-16,Dettol,15,2024-06-01
Household Cleaners (Indoor),2024-06-16,Earth Choice,4,2024-06-01
Household Cleaners (Indoor),2024-06-16,White King,28,2024-06-01
Household Cleaners (Indoor),2024-06-23,Pine O Cleen,0,2024-06-01
Household Cleaners (Indoor),2024-06-23,Ajax,22,2024-06-01
Household Cleaners (Indoor),2024-06-23,Dettol,17,2024-06-01
Household Cleaners (Indoor),2024-06-23,Earth Choice,6,2024-06-01
Household Cleaners (Indoor),2024-06-23,White King,24,2024-06-01
Household Cleaners (Indoor),2024-06-30,Pine O Cleen,0,2024-06-01
Household Cleaners (Indoor),2024-06-30,Ajax,21,2024-06-01
Household Cleaners (Indoor),2024-06-30,Dettol,15,2024-06-01
Household Cleaners (Indoor),2024-06-30,Earth Choice,5,2024-06-01
Household Cleaners (Indoor),2024-06-30,White King,24,2024-06-01
Household Cleaners (Indoor),2024-07-07,Pine O Cleen,0,2024-07-01
Household Cleaners (Indoor),2024-07-07,Ajax,29,2024-07-01
Household Cleaners (Indoor),2024-07-07,Dettol,16,2024-07-01
Household Cleaners (Indoor),2024-07-07,Earth Choice,5,2024-07-01
Household Cleaners (Indoor),2024-07-07,White King,24,2024-07-01
Household Cleaners (Indoor),2024-07-14,Pine O Cleen,0,2024-07-01
Household Cleaners (Indoor),2024-07-14,Ajax,32,2024-07-01
Household Cleaners (Indoor),2024-07-14,Dettol,19,2024-07-01
Household Cleaners (Indoor),2024-07-14,Earth Choice,4,2024-07-01
Household Cleaners (Indoor),2024-07-14,White King,23,2024-07-01
Household Cleaners (Indoor),2024-07-21,Pine O Cleen,2,2024-07-01
Household Cleaners (Indoor),2024-07-21,Ajax,29,2024-07-01
Household Cleaners (Indoor),2024-07-21,Dettol,16,2024-07-01
Household Cleaners (Indoor),2024-07-21,Earth Choice,6,2024-07-01
Household Cleaners (Indoor),2024-07-21,White King,25,2024-07-01
Household Cleaners (Indoor),2024-07-28,Pine O Cleen,0,2024-07-01
Household Cleaners (Indoor),2024-07-28,Ajax,22,2024-07-01
Household Cleaners (Indoor),2024-07-28,Dettol,16,2024-07-01
Household Cleaners (Indoor),2024-07-28,Earth Choice,6,2024-07-01
Household Cleaners (Indoor),2024-07-28,White King,24,2024-07-01
Household Cleaners (Indoor),2024-08-04,Pine O Cleen,0,2024-08-01
Household Cleaners (Indoor),2024-08-04,Ajax,31,2024-08-01
Household Cleaners (Indoor),2024-08-04,Dettol,15,2024-08-01
Household Cleaners (Indoor),2024-08-04,Earth Choice,5,2024-08-01
Household Cleaners (Indoor),2024-08-04,White King,24,2024-08-01
Household Cleaners (Indoor),2024-08-11,Pine O Cleen,2,2024-08-01
Household Cleaners (Indoor),2024-08-11,Ajax,40,2024-08-01
Household Cleaners (Indoor),2024-08-11,Dettol,14,2024-08-01
Household Cleaners (Indoor),2024-08-11,Earth Choice,4,2024-08-01
Household Cleaners (Indoor),2024-08-11,White King,27,2024-08-01
Household Cleaners (Indoor),2024-08-18,Pine O Cleen,2,2024-08-01
Household Cleaners (Indoor),2024-08-18,Ajax,35,2024-08-01
Household Cleaners (Indoor),2024-08-18,Dettol,16,2024-08-01
Household Cleaners (Indoor),2024-08-18,Earth Choice,6,2024-08-01
Household Cleaners (Indoor),2024-08-18,White King,23,2024-08-01
Household Cleaners (Indoor),2024-08-25,Pine O Cleen,2,2024-08-01
Household Cleaners (Indoor),2024-08-25,Ajax,27,2024-08-01
Household Cleaners (Indoor),2024-08-25,Dettol,17,2024-08-01
Household Cleaners (Indoor),2024-08-25,Earth Choice,5,2024-08-01
Household Cleaners (Indoor),2024-08-25,White King,24,2024-08-01
Household Cleaners (Indoor),2024-09-01,Pine O Cleen,0,2024-09-01
Household Cleaners (Indoor),2024-09-01,Ajax,27,2024-09-01
Household Cleaners (Indoor),2024-09-01,Dettol,18,2024-09-01
Household Cleaners (Indoor),2024-09-01,Earth Choice,5,2024-09-01
Household Cleaners (Indoor),2024-09-01,White King,24,2024-09-01
Household Cleaners (Indoor),2024-09-08,Pine O Cleen,0,2024-09-01
Household Cleaners (Indoor),2024-09-08,Ajax,25,2024-09-01
Household Cleaners (Indoor),2024-09-08,Dettol,16,2024-09-01
Household Cleaners (Indoor),2024-09-08,Earth Choice,5,2024-09-01
Household Cleaners (Indoor),2024-09-08,White King,22,2024-09-01
Household Cleaners (Indoor),2024-09-15,Pine O Cleen,2,2024-09-01
Household Cleaners (Indoor),2024-09-15,Ajax,30,2024-09-01
Household Cleaners (Indoor),2024-09-15,Dettol,19,2024-09-01
Household Cleaners (Indoor),2024-09-15,Earth Choice,5,2024-09-01
Household Cleaners (Indoor),2024-09-15,White King,23,2024-09-01
Household Cleaners (Indoor),2024-09-22,Pine O Cleen,0,2024-09-01
Household Cleaners (Indoor),2024-09-22,Ajax,32,2024-09-01
Household Cleaners (Indoor),2024-09-22,Dettol,17,2024-09-01
Household Cleaners (Indoor),2024-09-22,Earth Choice,5,2024-09-01
Household Cleaners (Indoor),2024-09-22,White King,25,2024-09-01
Household Cleaners (Indoor),2024-09-29,Pine O Cleen,0,2024-09-01
Household Cleaners (Indoor),2024-09-29,Ajax,30,2024-09-01
Household Cleaners (Indoor),2024-09-29,Dettol,17,2024-09-01
Household Cleaners (Indoor),2024-09-29,Earth Choice,5,2024-09-01
Household Cleaners (Indoor),2024-09-29,White King,24,2024-09-01
Household Cleaners (Indoor),2024-10-06,Pine O Cleen,0,2024-10-01
Household Cleaners (Indoor),2024-10-06,Ajax,26,2024-10-01
Household Cleaners (Indoor),2024-10-06,Dettol,17,2024-10-01
Household Cleaners (Indoor),2024-10-06,Earth Choice,5,2024-10-01
Household Cleaners (Indoor),2024-10-06,White King,24,2024-10-01
Household Cleaners (Indoor),2024-10-13,Pine O Cleen,0,2024-10-01
Household Cleaners (Indoor),2024-10-13,Ajax,22,2024-10-01
Household Cleaners (Indoor),2024-10-13,Dettol,18,2024-10-01
Household Cleaners (Indoor),2024-10-13,Earth Choice,5,2024-10-01
Household Cleaners (Indoor),2024-10-13,White King,23,2024-10-01
Household Cleaners (Indoor),2024-10-20,Pine O Cleen,0,2024-10-01
Household Cleaners (Indoor),2024-10-20,Ajax,27,2024-10-01
Household Cleaners (Indoor),2024-10-20,Dettol,16,2024-10-01
Household Cleaners (Indoor),2024-10-20,Earth Choice,4,2024-10-01
Household Cleaners (Indoor),2024-10-20,White King,26,2024-10-01
Household Cleaners (Indoor),2024-10-27,Pine O Cleen,2,2024-10-01
Household Cleaners (Indoor),2024-10-27,Ajax,33,2024-10-01
Household Cleaners (Indoor),2024-10-27,Dettol,17,2024-10-01
Household Cleaners (Indoor),2024-10-27,Earth Choice,6,2024-10-01
Household Cleaners (Indoor),2024-10-27,White King,24,2024-10-01
Household Cleaners (Indoor),2024-11-03,Pine O Cleen,2,2024-11-01
Household Cleaners (Indoor),2024-11-03,Ajax,34,2024-11-01
Household Cleaners (Indoor),2024-11-03,Dettol,17,2024-11-01
Household Cleaners (Indoor),2024-11-03,Earth Choice,5,2024-11-01
Household Cleaners (Indoor),2024-11-03,White King,24,2024-11-01
Household Cleaners (Indoor),2024-11-10,Pine O Cleen,0,2024-11-01
Household Cleaners (Indoor),2024-11-10,Ajax,26,2024-11-01
Household Cleaners (Indoor),2024-11-10,Dettol,13,2024-11-01
Household Cleaners (Indoor),2024-11-10,Earth Choice,5,2024-11-01
Household Cleaners (Indoor),2024-11-10,White King,25,2024-11-01
Household Cleaners (Indoor),2024-11-17,Pine O Cleen,3,2024-11-01
Household Cleaners (Indoor),2024-11-17,Ajax,29,2024-11-01
Household Cleaners (Indoor),2024-11-17,Dettol,19,2024-11-01
Household Cleaners (Indoor),2024-11-17,Earth Choice,5,2024-11-01
Household Cleaners (Indoor),2024-11-17,White King,28,2024-11-01
Household Cleaners (Indoor),2024-11-24,Pine O Cleen,0,2024-11-01
Household Cleaners (Indoor),2024-11-24,Ajax,26,2024-11-01
Household Cleaners (Indoor),2024-11-24,Dettol,20,2024-11-01
Household Cleaners (Indoor),2024-11-24,Earth Choice,4,2024-11-01
Household Cleaners (Indoor),2024-11-24,White King,27,2024-11-01
Household Cleaners (Indoor),2024-12-01,Pine O Cleen,0,2024-12-01
Household Cleaners (Indoor),2024-12-01,Ajax,25,2024-12-01
Household Cleaners (Indoor),2024-12-01,Dettol,15,2024-12-01
Household Cleaners (Indoor),2024-12-01,Earth Choice,4,2024-12-01
Household Cleaners (Indoor),2024-12-01,White King,25,2024-12-01
Household Cleaners (Indoor),2024-12-08,Pine O Cleen,0,2024-12-01
Household Cleaners (Indoor),2024-12-08,Ajax,27,2024-12-01
Household Cleaners (Indoor),2024-12-08,Dettol,19,2024-12-01
Household Cleaners (Indoor),2024-12-08,Earth Choice,4,2024-12-01
Household Cleaners (Indoor),2024-12-08,White King,24,2024-12-01
Household Cleaners (Indoor),2024-12-15,Pine O Cleen,3,2024-12-01
Household Cleaners (Indoor),2024-12-15,Ajax,22,2024-12-01
Household Cleaners (Indoor),2024-12-15,Dettol,20,2024-12-01
Household Cleaners (Indoor),2024-12-15,Earth Choice,5,2024-12-01
Household Cleaners (Indoor),2024-12-15,White King,23,2024-12-01
Household Cleaners (Indoor),2024-12-22,Pine O Cleen,0,2024-12-01
Household Cleaners (Indoor),2024-12-22,Ajax,22,2024-12-01
Household Cleaners (Indoor),2024-12-22,Dettol,22,2024-12-01
Household Cleaners (Indoor),2024-12-22,Earth Choice,6,2024-12-01
Household Cleaners (Indoor),2024-12-22,White King,30,2024-12-01
Household Cleaners (Indoor),2024-12-29,Pine O Cleen,0,2024-12-01
Household Cleaners (Indoor),2024-12-29,Ajax,18,2024-12-01
Household Cleaners (Indoor),2024-12-29,Dettol,20,2024-12-01
Household Cleaners (Indoor),2024-12-29,Earth Choice,5,2024-12-01
Household Cleaners (Indoor),2024-12-29,White King,26,2024-12-01
Household Cleaners (Indoor),2025-01-05,Pine O Cleen,2,2025-01-01
Household Cleaners (Indoor),2025-01-05,Ajax,23,2025-01-01
Household Cleaners (Indoor),2025-01-05,Dettol,16,2025-01-01
Household Cleaners (Indoor),2025-01-05,Earth Choice,7,2025-01-01
Household Cleaners (Indoor),2025-01-05,White King,26,2025-01-01
Household Cleaners (Indoor),2025-01-12,Pine O Cleen,2,2025-01-01
Household Cleaners (Indoor),2025-01-12,Ajax,26,2025-01-01
Household Cleaners (Indoor),2025-01-12,Dettol,22,2025-01-01
Household Cleaners (Indoor),2025-01-12,Earth Choice,7,2025-01-01
Household Cleaners (Indoor),2025-01-12,White King,28,2025-01-01
Household Cleaners (Indoor),2025-01-19,Pine O Cleen,2,2025-01-01
Household Cleaners (Indoor),2025-01-19,Ajax,29,2025-01-01
Household Cleaners (Indoor),2025-01-19,Dettol,19,2025-01-01
Household Cleaners (Indoor),2025-01-19,Earth Choice,6,2025-01-01
Household Cleaners (Indoor),2025-01-19,White King,26,2025-01-01
Household Cleaners (Indoor),2025-01-26,Pine O Cleen,0,2025-01-01
Household Cleaners (Indoor),2025-01-26,Ajax,33,2025-01-01
Household Cleaners (Indoor),2025-01-26,Dettol,20,2025-01-01
Household Cleaners (Indoor),2025-01-26,Earth Choice,5,2025-01-01
Household Cleaners (Indoor),2025-01-26,White King,29,2025-01-01
Household Cleaners (Indoor),2025-02-02,Pine O Cleen,0,2025-02-01
Household Cleaners (Indoor),2025-02-02,Ajax,31,2025-02-01
Household Cleaners (Indoor),2025-02-02,Dettol,22,2025-02-01
Household Cleaners (Indoor),2025-02-02,Earth Choice,5,2025-02-01
Household Cleaners (Indoor),2025-02-02,White King,24,2025-02-01
Household Cleaners (Indoor),2025-02-09,Pine O Cleen,0,2025-02-01
Household Cleaners (Indoor),2025-02-09,Ajax,30,2025-02-01
Household Cleaners (Indoor),2025-02-09,Dettol,21,2025-02-01
Household Cleaners (Indoor),2025-02-09,Earth Choice,5,2025-02-01
Household Cleaners (Indoor),2025-02-09,White King,26,2025-02-01
Household Cleaners (Indoor),2025-02-16,Pine O Cleen,0,2025-02-01
Household Cleaners (Indoor),2025-02-16,Ajax,39,2025-02-01
Household Cleaners (Indoor),2025-02-16,Dettol,20,2025-02-01
Household Cleaners (Indoor),2025-02-16,Earth Choice,5,2025-02-01
Household Cleaners (Indoor),2025-02-16,White King,30,2025-02-01
Household Cleaners (Indoor),2025-02-23,Pine O Cleen,2,2025-02-01
Household Cleaners (Indoor),2025-02-23,Ajax,28,2025-02-01
Household Cleaners (Indoor),2025-02-23,Dettol,22,2025-02-01
Household Cleaners (Indoor),2025-02-23,Earth Choice,4,2025-02-01
Household Cleaners (Indoor),2025-02-23,White King,22,2025-02-01
Household Cleaners (Indoor),2025-03-02,Pine O Cleen,2,2025-03-01
Household Cleaners (Indoor),2025-03-02,Ajax,30,2025-03-01
Household Cleaners (Indoor),2025-03-02,Dettol,17,2025-03-01
Household Cleaners (Indoor),2025-03-02,Earth Choice,5,2025-03-01
Household Cleaners (Indoor),2025-03-02,White King,22,2025-03-01
Household Cleaners (Indoor),2025-03-09,Pine O Cleen,0,2025-03-01
Household Cleaners (Indoor),2025-03-09,Ajax,29,2025-03-01
Household Cleaners (Indoor),2025-03-09,Dettol,21,2025-03-01
Household Cleaners (Indoor),2025-03-09,Earth Choice,4,2025-03-01
Household Cleaners (Indoor),2025-03-09,White King,20,2025-03-01
Household Cleaners (Indoor),2025-03-16,Pine O Cleen,3,2025-03-01
Household Cleaners (Indoor),2025-03-16,Ajax,25,2025-03-01
Household Cleaners (Indoor),2025-03-16,Dettol,19,2025-03-01
Household Cleaners (Indoor),2025-03-16,Earth Choice,5,2025-03-01
Household Cleaners (Indoor),2025-03-16,White King,27,2025-03-01
Household Cleaners (Indoor),2025-03-23,Pine O Cleen,2,2025-03-01
Household Cleaners (Indoor),2025-03-23,Ajax,24,2025-03-01
Household Cleaners (Indoor),2025-03-23,Dettol,21,2025-03-01
Household Cleaners (Indoor),2025-03-23,Earth Choice,6,2025-03-01
Household Cleaners (Indoor),2025-03-23,White King,27,2025-03-01
Household Cleaners (Indoor),2025-03-30,Pine O Cleen,0,2025-03-01
Household Cleaners (Indoor),2025-03-30,Ajax,30,2025-03-01
Household Cleaners (Indoor),2025-03-30,Dettol,17,2025-03-01
Household Cleaners (Indoor),2025-03-30,Earth Choice,5,2025-03-01
Household Cleaners (Indoor),2025-03-30,White King,28,2025-03-01
Audio Content,2021-08-29,Spotify,8,2021-08-01
Audio Content,2021-08-29,YouTube,97,2021-08-01
Audio Content,2021-08-29,Audible,1,2021-08-01
Audio Content,2021-08-29,Apple Music,1,2021-08-01
Audio Content,2021-08-29,iHeartRadio,0,2021-08-01
Audio Content,2021-09-05,Spotify,8,2021-09-01
Audio Content,2021-09-05,YouTube,93,2021-09-01
Audio Content,2021-09-05,Audible,1,2021-09-01
Audio Content,2021-09-05,Apple Music,1,2021-09-01
Audio Content,2021-09-05,iHeartRadio,0,2021-09-01
Audio Content,2021-09-12,Spotify,8,2021-09-01
Audio Content,2021-09-12,YouTube,95,2021-09-01
Audio Content,2021-09-12,Audible,1,2021-09-01
Audio Content,2021-09-12,Apple Music,1,2021-09-01
Audio Content,2021-09-12,iHeartRadio,0,2021-09-01
Audio Content,2021-09-19,Spotify,8,2021-09-01
Audio Content,2021-09-19,YouTube,91,2021-09-01
Audio Content,2021-09-19,Audible,1,2021-09-01
Audio Content,2021-09-19,Apple Music,1,2021-09-01
Audio Content,2021-09-19,iHeartRadio,0,2021-09-01
Audio Content,2021-09-26,Spotify,7,2021-09-01
Audio Content,2021-09-26,YouTube,89,2021-09-01
Audio Content,2021-09-26,Audible,1,2021-09-01
Audio Content,2021-09-26,Apple Music,1,2021-09-01
Audio Content,2021-09-26,iHeartRadio,0,2021-09-01
Audio Content,2021-10-03,Spotify,7,2021-10-01
Audio Content,2021-10-03,YouTube,92,2021-10-01
Audio Content,2021-10-03,Audible,1,2021-10-01
Audio Content,2021-10-03,Apple Music,1,2021-10-01
Audio Content,2021-10-03,iHeartRadio,0,2021-10-01
Audio Content,2021-10-10,Spotify,8,2021-10-01
Audio Content,2021-10-10,YouTube,90,2021-10-01
Audio Content,2021-10-10,Audible,1,2021-10-01
Audio Content,2021-10-10,Apple Music,1,2021-10-01
Audio Content,2021-10-10,iHeartRadio,0,2021-10-01
Audio Content,2021-10-17,Spotify,10,2021-10-01
Audio Content,2021-10-17,YouTube,88,2021-10-01
Audio Content,2021-10-17,Audible,1,2021-10-01
Audio Content,2021-10-17,Apple Music,1,2021-10-01
Audio Content,2021-10-17,iHeartRadio,0,2021-10-01
Audio Content,2021-10-24,Spotify,7,2021-10-01
Audio Content,2021-10-24,YouTube,86,2021-10-01
Audio Content,2021-10-24,Audible,1,2021-10-01
Audio Content,2021-10-24,Apple Music,1,2021-10-01
Audio Content,2021-10-24,iHeartRadio,0,2021-10-01
Audio Content,2021-10-31,Spotify,8,2021-10-01
Audio Content,2021-10-31,YouTube,89,2021-10-01
Audio Content,2021-10-31,Audible,1,2021-10-01
Audio Content,2021-10-31,Apple Music,1,2021-10-01
Audio Content,2021-10-31,iHeartRadio,0,2021-10-01
Audio Content,2021-11-07,Spotify,8,2021-11-01
Audio Content,2021-11-07,YouTube,86,2021-11-01
Audio Content,2021-11-07,Audible,1,2021-11-01
Audio Content,2021-11-07,Apple Music,1,2021-11-01
Audio Content,2021-11-07,iHeartRadio,0,2021-11-01
Audio Content,2021-11-14,Spotify,9,2021-11-01
Audio Content,2021-11-14,YouTube,90,2021-11-01
Audio Content,2021-11-14,Audible,1,2021-11-01
Audio Content,2021-11-14,Apple Music,1,2021-11-01
Audio Content,2021-11-14,iHeartRadio,0,2021-11-01
Audio Content,2021-11-21,Spotify,9,2021-11-01
Audio Content,2021-11-21,YouTube,87,2021-11-01
Audio Content,2021-11-21,Audible,1,2021-11-01
Audio Content,2021-11-21,Apple Music,1,2021-11-01
Audio Content,2021-11-21,iHeartRadio,0,2021-11-01
Audio Content,2021-11-28,Spotify,18,2021-11-01
Audio Content,2021-11-28,YouTube,93,2021-11-01
Audio Content,2021-11-28,Audible,1,2021-11-01
Audio Content,2021-11-28,Apple Music,2,2021-11-01
Audio Content,2021-11-28,iHeartRadio,0,2021-11-01
Audio Content,2021-12-05,Spotify,10,2021-12-01
Audio Content,2021-12-05,YouTube,88,2021-12-01
Audio Content,2021-12-05,Audible,1,2021-12-01
Audio Content,2021-12-05,Apple Music,1,2021-12-01
Audio Content,2021-12-05,iHeartRadio,0,2021-12-01
Audio Content,2021-12-12,Spotify,9,2021-12-01
Audio Content,2021-12-12,YouTube,84,2021-12-01
Audio Content,2021-12-12,Audible,1,2021-12-01
Audio Content,2021-12-12,Apple Music,1,2021-12-01
Audio Content,2021-12-12,iHeartRadio,0,2021-12-01
Audio Content,2021-12-19,Spotify,9,2021-12-01
Audio Content,2021-12-19,YouTube,87,2021-12-01
Audio Content,2021-12-19,Audible,1,2021-12-01
Audio Content,2021-12-19,Apple Music,1,2021-12-01
Audio Content,2021-12-19,iHeartRadio,0,2021-12-01
Audio Content,2021-12-26,Spotify,8,2021-12-01
Audio Content,2021-12-26,YouTube,84,2021-12-01
Audio Content,2021-12-26,Audible,1,2021-12-01
Audio Content,2021-12-26,Apple Music,1,2021-12-01
Audio Content,2021-12-26,iHeartRadio,0,2021-12-01
Audio Content,2022-01-02,Spotify,9,2022-01-01
Audio Content,2022-01-02,YouTube,85,2022-01-01
Audio Content,2022-01-02,Audible,1,2022-01-01
Audio Content,2022-01-02,Apple Music,1,2022-01-01
Audio Content,2022-01-02,iHeartRadio,0,2022-01-01
Audio Content,2022-01-09,Spotify,9,2022-01-01
Audio Content,2022-01-09,YouTube,85,2022-01-01
Audio Content,2022-01-09,Audible,2,2022-01-01
Audio Content,2022-01-09,Apple Music,1,2022-01-01
Audio Content,2022-01-09,iHeartRadio,0,2022-01-01
Audio Content,2022-01-16,Spotify,9,2022-01-01
Audio Content,2022-01-16,YouTube,83,2022-01-01
Audio Content,2022-01-16,Audible,1,2022-01-01
Audio Content,2022-01-16,Apple Music,1,2022-01-01
Audio Content,2022-01-16,iHeartRadio,0,2022-01-01
Audio Content,2022-01-23,Spotify,11,2022-01-01
Audio Content,2022-01-23,YouTube,79,2022-01-01
Audio Content,2022-01-23,Audible,1,2022-01-01
Audio Content,2022-01-23,Apple Music,1,2022-01-01
Audio Content,2022-01-23,iHeartRadio,0,2022-01-01
Audio Content,2022-01-30,Spotify,14,2022-01-01
Audio Content,2022-01-30,YouTube,89,2022-01-01
Audio Content,2022-01-30,Audible,1,2022-01-01
Audio Content,2022-01-30,Apple Music,1,2022-01-01
Audio Content,2022-01-30,iHeartRadio,0,2022-01-01
Audio Content,2022-02-06,Spotify,11,2022-02-01
Audio Content,2022-02-06,YouTube,91,2022-02-01
Audio Content,2022-02-06,Audible,1,2022-02-01
Audio Content,2022-02-06,Apple Music,1,2022-02-01
Audio Content,2022-02-06,iHeartRadio,0,2022-02-01
Audio Content,2022-02-13,Spotify,11,2022-02-01
Audio Content,2022-02-13,YouTube,91,2022-02-01
Audio Content,2022-02-13,Audible,1,2022-02-01
Audio Content,2022-02-13,Apple Music,1,2022-02-01
Audio Content,2022-02-13,iHeartRadio,0,2022-02-01
Audio Content,2022-02-20,Spotify,10,2022-02-01
Audio Content,2022-02-20,YouTube,87,2022-02-01
Audio Content,2022-02-20,Audible,1,2022-02-01
Audio Content,2022-02-20,Apple Music,1,2022-02-01
Audio Content,2022-02-20,iHeartRadio,0,2022-02-01
Audio Content,2022-02-27,Spotify,10,2022-02-01
Audio Content,2022-02-27,YouTube,85,2022-02-01
Audio Content,2022-02-27,Audible,1,2022-02-01
Audio Content,2022-02-27,Apple Music,1,2022-02-01
Audio Content,2022-02-27,iHeartRadio,0,2022-02-01
Audio Content,2022-03-06,Spotify,12,2022-03-01
Audio Content,2022-03-06,YouTube,91,2022-03-01
Audio Content,2022-03-06,Audible,1,2022-03-01
Audio Content,2022-03-06,Apple Music,1,2022-03-01
Audio Content,2022-03-06,iHeartRadio,0,2022-03-01
Audio Content,2022-03-13,Spotify,10,2022-03-01
Audio Content,2022-03-13,YouTube,87,2022-03-01
Audio Content,2022-03-13,Audible,1,2022-03-01
Audio Content,2022-03-13,Apple Music,1,2022-03-01
Audio Content,2022-03-13,iHeartRadio,0,2022-03-01
Audio Content,2022-03-20,Spotify,9,2022-03-01
Audio Content,2022-03-20,YouTube,81,2022-03-01
Audio Content,2022-03-20,Audible,1,2022-03-01
Audio Content,2022-03-20,Apple Music,1,2022-03-01
Audio Content,2022-03-20,iHeartRadio,0,2022-03-01
Audio Content,2022-03-27,Spotify,10,2022-03-01
Audio Content,2022-03-27,YouTube,90,2022-03-01
Audio Content,2022-03-27,Audible,1,2022-03-01
Audio Content,2022-03-27,Apple Music,1,2022-03-01
Audio Content,2022-03-27,iHeartRadio,0,2022-03-01
Audio Content,2022-04-03,Spotify,10,2022-04-01
Audio Content,2022-04-03,YouTube,94,2022-04-01
Audio Content,2022-04-03,Audible,1,2022-04-01
Audio Content,2022-04-03,Apple Music,1,2022-04-01
Audio Content,2022-04-03,iHeartRadio,0,2022-04-01
Audio Content,2022-04-10,Spotify,10,2022-04-01
Audio Content,2022-04-10,YouTube,86,2022-04-01
Audio Content,2022-04-10,Audible,1,2022-04-01
Audio Content,2022-04-10,Apple Music,1,2022-04-01
Audio Content,2022-04-10,iHeartRadio,0,2022-04-01
Audio Content,2022-04-17,Spotify,10,2022-04-01
Audio Content,2022-04-17,YouTube,88,2022-04-01
Audio Content,2022-04-17,Audible,1,2022-04-01
Audio Content,2022-04-17,Apple Music,1,2022-04-01
Audio Content,2022-04-17,iHeartRadio,0,2022-04-01
Audio Content,2022-04-24,Spotify,10,2022-04-01
Audio Content,2022-04-24,YouTube,87,2022-04-01
Audio Content,2022-04-24,Audible,1,2022-04-01
Audio Content,2022-04-24,Apple Music,1,2022-04-01
Audio Content,2022-04-24,iHeartRadio,0,2022-04-01
Audio Content,2022-05-01,Spotify,10,2022-05-01
Audio Content,2022-05-01,YouTube,89,2022-05-01
Audio Content,2022-05-01,Audible,1,2022-05-01
Audio Content,2022-05-01,Apple Music,1,2022-05-01
Audio Content,2022-05-01,iHeartRadio,0,2022-05-01
Audio Content,2022-05-08,Spotify,10,2022-05-01
Audio Content,2022-05-08,YouTube,94,2022-05-01
Audio Content,2022-05-08,Audible,1,2022-05-01
Audio Content,2022-05-08,Apple Music,1,2022-05-01
Audio Content,2022-05-08,iHeartRadio,0,2022-05-01
Audio Content,2022-05-15,Spotify,10,2022-05-01
Audio Content,2022-05-15,YouTube,92,2022-05-01
Audio Content,2022-05-15,Audible,1,2022-05-01
Audio Content,2022-05-15,Apple Music,1,2022-05-01
Audio Content,2022-05-15,iHeartRadio,0,2022-05-01
Audio Content,2022-05-22,Spotify,10,2022-05-01
Audio Content,2022-05-22,YouTube,96,2022-05-01
Audio Content,2022-05-22,Audible,1,2022-05-01
Audio Content,2022-05-22,Apple Music,1,2022-05-01
Audio Content,2022-05-22,iHeartRadio,0,2022-05-01
Audio Content,2022-05-29,Spotify,10,2022-05-01
Audio Content,2022-05-29,YouTube,100,2022-05-01
Audio Content,2022-05-29,Audible,1,2022-05-01
Audio Content,2022-05-29,Apple Music,1,2022-05-01
Audio Content,2022-05-29,iHeartRadio,0,2022-05-01
Audio Content,2022-06-05,Spotify,13,2022-06-01
Audio Content,2022-06-05,YouTube,97,2022-06-01
Audio Content,2022-06-05,Audible,1,2022-06-01
Audio Content,2022-06-05,Apple Music,1,2022-06-01
Audio Content,2022-06-05,iHeartRadio,0,2022-06-01
Audio Content,2022-06-12,Spotify,10,2022-06-01
Audio Content,2022-06-12,YouTube,92,2022-06-01
Audio Content,2022-06-12,Audible,1,2022-06-01
Audio Content,2022-06-12,Apple Music,1,2022-06-01
Audio Content,2022-06-12,iHeartRadio,0,2022-06-01
Audio Content,2022-06-19,Spotify,10,2022-06-01
Audio Content,2022-06-19,YouTube,96,2022-06-01
Audio Content,2022-06-19,Audible,1,2022-06-01
Audio Content,2022-06-19,Apple Music,1,2022-06-01
Audio Content,2022-06-19,iHeartRadio,0,2022-06-01
Audio Content,2022-06-26,Spotify,11,2022-06-01
Audio Content,2022-06-26,YouTube,93,2022-06-01
Audio Content,2022-06-26,Audible,1,2022-06-01
Audio Content,2022-06-26,Apple Music,1,2022-06-01
Audio Content,2022-06-26,iHeartRadio,0,2022-06-01
Audio Content,2022-07-03,Spotify,10,2022-07-01
Audio Content,2022-07-03,YouTube,88,2022-07-01
Audio Content,2022-07-03,Audible,1,2022-07-01
Audio Content,2022-07-03,Apple Music,1,2022-07-01
Audio Content,2022-07-03,iHeartRadio,0,2022-07-01
Audio Content,2022-07-10,Spotify,10,2022-07-01
Audio Content,2022-07-10,YouTube,90,2022-07-01
Audio Content,2022-07-10,Audible,1,2022-07-01
Audio Content,2022-07-10,Apple Music,1,2022-07-01
Audio Content,2022-07-10,iHeartRadio,0,2022-07-01
Audio Content,2022-07-17,Spotify,10,2022-07-01
Audio Content,2022-07-17,YouTube,88,2022-07-01
Audio Content,2022-07-17,Audible,1,2022-07-01
Audio Content,2022-07-17,Apple Music,1,2022-07-01
Audio Content,2022-07-17,iHeartRadio,0,2022-07-01
Audio Content,2022-07-24,Spotify,10,2022-07-01
Audio Content,2022-07-24,YouTube,93,2022-07-01
Audio Content,2022-07-24,Audible,1,2022-07-01
Audio Content,2022-07-24,Apple Music,1,2022-07-01
Audio Content,2022-07-24,iHeartRadio,0,2022-07-01
Audio Content,2022-07-31,Spotify,10,2022-07-01
Audio Content,2022-07-31,YouTube,96,2022-07-01
Audio Content,2022-07-31,Audible,1,2022-07-01
Audio Content,2022-07-31,Apple Music,1,2022-07-01
Audio Content,2022-07-31,iHeartRadio,0,2022-07-01
Audio Content,2022-08-07,Spotify,10,2022-08-01
Audio Content,2022-08-07,YouTube,93,2022-08-01
Audio Content,2022-08-07,Audible,1,2022-08-01
Audio Content,2022-08-07,Apple Music,1,2022-08-01
Audio Content,2022-08-07,iHeartRadio,0,2022-08-01
Audio Content,2022-08-14,Spotify,10,2022-08-01
Audio Content,2022-08-14,YouTube,96,2022-08-01
Audio Content,2022-08-14,Audible,1,2022-08-01
Audio Content,2022-08-14,Apple Music,1,2022-08-01
Audio Content,2022-08-14,iHeartRadio,0,2022-08-01
Audio Content,2022-08-21,Spotify,11,2022-08-01
Audio Content,2022-08-21,YouTube,89,2022-08-01
Audio Content,2022-08-21,Audible,1,2022-08-01
Audio Content,2022-08-21,Apple Music,1,2022-08-01
Audio Content,2022-08-21,iHeartRadio,0,2022-08-01
Audio Content,2022-08-28,Spotify,12,2022-08-01
Audio Content,2022-08-28,YouTube,96,2022-08-01
Audio Content,2022-08-28,Audible,2,2022-08-01
Audio Content,2022-08-28,Apple Music,1,2022-08-01
Audio Content,2022-08-28,iHeartRadio,0,2022-08-01
Audio Content,2022-09-04,Spotify,11,2022-09-01
Audio Content,2022-09-04,YouTube,89,2022-09-01
Audio Content,2022-09-04,Audible,1,2022-09-01
Audio Content,2022-09-04,Apple Music,1,2022-09-01
Audio Content,2022-09-04,iHeartRadio,0,2022-09-01
Audio Content,2022-09-11,Spotify,12,2022-09-01
Audio Content,2022-09-11,YouTube,93,2022-09-01
Audio Content,2022-09-11,Audible,1,2022-09-01
Audio Content,2022-09-11,Apple Music,1,2022-09-01
Audio Content,2022-09-11,iHeartRadio,0,2022-09-01
Audio Content,2022-09-18,Spotify,11,2022-09-01
Audio Content,2022-09-18,YouTube,93,2022-09-01
Audio Content,2022-09-18,Audible,1,2022-09-01
Audio Content,2022-09-18,Apple Music,1,2022-09-01
Audio Content,2022-09-18,iHeartRadio,0,2022-09-01
Audio Content,2022-09-25,Spotify,11,2022-09-01
Audio Content,2022-09-25,YouTube,88,2022-09-01
Audio Content,2022-09-25,Audible,2,2022-09-01
Audio Content,2022-09-25,Apple Music,1,2022-09-01
Audio Content,2022-09-25,iHeartRadio,0,2022-09-01
Audio Content,2022-10-02,Spotify,10,2022-10-01
Audio Content,2022-10-02,YouTube,91,2022-10-01
Audio Content,2022-10-02,Audible,1,2022-10-01
Audio Content,2022-10-02,Apple Music,1,2022-10-01
Audio Content,2022-10-02,iHeartRadio,0,2022-10-01
Audio Content,2022-10-09,Spotify,11,2022-10-01
Audio Content,2022-10-09,YouTube,94,2022-10-01
Audio Content,2022-10-09,Audible,1,2022-10-01
Audio Content,2022-10-09,Apple Music,1,2022-10-01
Audio Content,2022-10-09,iHeartRadio,0,2022-10-01
Audio Content,2022-10-16,Spotify,12,2022-10-01
Audio Content,2022-10-16,YouTube,87,2022-10-01
Audio Content,2022-10-16,Audible,1,2022-10-01
Audio Content,2022-10-16,Apple Music,1,2022-10-01
Audio Content,2022-10-16,iHeartRadio,0,2022-10-01
Audio Content,2022-10-23,Spotify,14,2022-10-01
Audio Content,2022-10-23,YouTube,92,2022-10-01
Audio Content,2022-10-23,Audible,1,2022-10-01
Audio Content,2022-10-23,Apple Music,1,2022-10-01
Audio Content,2022-10-23,iHeartRadio,0,2022-10-01
Audio Content,2022-10-30,Spotify,13,2022-10-01
Audio Content,2022-10-30,YouTube,94,2022-10-01
Audio Content,2022-10-30,Audible,1,2022-10-01
Audio Content,2022-10-30,Apple Music,1,2022-10-01
Audio Content,2022-10-30,iHeartRadio,0,2022-10-01
Audio Content,2022-11-06,Spotify,12,2022-11-01
Audio Content,2022-11-06,YouTube,87,2022-11-01
Audio Content,2022-11-06,Audible,1,2022-11-01
Audio Content,2022-11-06,Apple Music,1,2022-11-01
Audio Content,2022-11-06,iHeartRadio,0,2022-11-01
Audio Content,2022-11-13,Spotify,12,2022-11-01
Audio Content,2022-11-13,YouTube,92,2022-11-01
Audio Content,2022-11-13,Audible,1,2022-11-01
Audio Content,2022-11-13,Apple Music,1,2022-11-01
Audio Content,2022-11-13,iHeartRadio,0,2022-11-01
Audio Content,2022-11-20,Spotify,13,2022-11-01
Audio Content,2022-11-20,YouTube,93,2022-11-01
Audio Content,2022-11-20,Audible,1,2022-11-01
Audio Content,2022-11-20,Apple Music,1,2022-11-01
Audio Content,2022-11-20,iHeartRadio,0,2022-11-01
Audio Content,2022-11-27,Spotify,27,2022-11-01
Audio Content,2022-11-27,YouTube,86,2022-11-01
Audio Content,2022-11-27,Audible,1,2022-11-01
Audio Content,2022-11-27,Apple Music,2,2022-11-01
Audio Content,2022-11-27,iHeartRadio,0,2022-11-01
Audio Content,2022-12-04,Spotify,13,2022-12-01
Audio Content,2022-12-04,YouTube,89,2022-12-01
Audio Content,2022-12-04,Audible,1,2022-12-01
Audio Content,2022-12-04,Apple Music,1,2022-12-01
Audio Content,2022-12-04,iHeartRadio,0,2022-12-01
Audio Content,2022-12-11,Spotify,11,2022-12-01
Audio Content,2022-12-11,YouTube,90,2022-12-01
Audio Content,2022-12-11,Audible,1,2022-12-01
Audio Content,2022-12-11,Apple Music,1,2022-12-01
Audio Content,2022-12-11,iHeartRadio,0,2022-12-01
Audio Content,2022-12-18,Spotify,11,2022-12-01
Audio Content,2022-12-18,YouTube,93,2022-12-01
Audio Content,2022-12-18,Audible,1,2022-12-01
Audio Content,2022-12-18,Apple Music,1,2022-12-01
Audio Content,2022-12-18,iHeartRadio,0,2022-12-01
Audio Content,2022-12-25,Spotify,11,2022-12-01
Audio Content,2022-12-25,YouTube,80,2022-12-01
Audio Content,2022-12-25,Audible,2,2022-12-01
Audio Content,2022-12-25,Apple Music,1,2022-12-01
Audio Content,2022-12-25,iHeartRadio,0,2022-12-01
Audio Content,2023-01-01,Spotify,10,2023-01-01
Audio Content,2023-01-01,YouTube,80,2023-01-01
Audio Content,2023-01-01,Audible,2,2023-01-01
Audio Content,2023-01-01,Apple Music,1,2023-01-01
Audio Content,2023-01-01,iHeartRadio,0,2023-01-01
Audio Content,2023-01-08,Spotify,11,2023-01-01
Audio Content,2023-01-08,YouTube,84,2023-01-01
Audio Content,2023-01-08,Audible,2,2023-01-01
Audio Content,2023-01-08,Apple Music,1,2023-01-01
Audio Content,2023-01-08,iHeartRadio,0,2023-01-01
Audio Content,2023-01-15,Spotify,10,2023-01-01
Audio Content,2023-01-15,YouTube,81,2023-01-01
Audio Content,2023-01-15,Audible,2,2023-01-01
Audio Content,2023-01-15,Apple Music,1,2023-01-01
Audio Content,2023-01-15,iHeartRadio,0,2023-01-01
Audio Content,2023-01-22,Spotify,11,2023-01-01
Audio Content,2023-01-22,YouTube,84,2023-01-01
Audio Content,2023-01-22,Audible,1,2023-01-01
Audio Content,2023-01-22,Apple Music,1,2023-01-01
Audio Content,2023-01-22,iHeartRadio,0,2023-01-01
Audio Content,2023-01-29,Spotify,11,2023-01-01
Audio Content,2023-01-29,YouTube,87,2023-01-01
Audio Content,2023-01-29,Audible,1,2023-01-01
Audio Content,2023-01-29,Apple Music,1,2023-01-01
Audio Content,2023-01-29,iHeartRadio,0,2023-01-01
Audio Content,2023-02-05,Spotify,12,2023-02-01
Audio Content,2023-02-05,YouTube,92,2023-02-01
Audio Content,2023-02-05,Audible,1,2023-02-01
Audio Content,2023-02-05,Apple Music,1,2023-02-01
Audio Content,2023-02-05,iHeartRadio,0,2023-02-01
Audio Content,2023-02-12,Spotify,12,2023-02-01
Audio Content,2023-02-12,YouTube,94,2023-02-01
Audio Content,2023-02-12,Audible,1,2023-02-01
Audio Content,2023-02-12,Apple Music,1,2023-02-01
Audio Content,2023-02-12,iHeartRadio,0,2023-02-01
Audio Content,2023-02-19,Spotify,12,2023-02-01
Audio Content,2023-02-19,YouTube,90,2023-02-01
Audio Content,2023-02-19,Audible,1,2023-02-01
Audio Content,2023-02-19,Apple Music,1,2023-02-01
Audio Content,2023-02-19,iHeartRadio,0,2023-02-01
Audio Content,2023-02-26,Spotify,12,2023-02-01
Audio Content,2023-02-26,YouTube,89,2023-02-01
Audio Content,2023-02-26,Audible,1,2023-02-01
Audio Content,2023-02-26,Apple Music,1,2023-02-01
Audio Content,2023-02-26,iHeartRadio,0,2023-02-01
Audio Content,2023-03-05,Spotify,12,2023-03-01
Audio Content,2023-03-05,YouTube,98,2023-03-01
Audio Content,2023-03-05,Audible,1,2023-03-01
Audio Content,2023-03-05,Apple Music,1,2023-03-01
Audio Content,2023-03-05,iHeartRadio,0,2023-03-01
Audio Content,2023-03-12,Spotify,12,2023-03-01
Audio Content,2023-03-12,YouTube,91,2023-03-01
Audio Content,2023-03-12,Audible,1,2023-03-01
Audio Content,2023-03-12,Apple Music,1,2023-03-01
Audio Content,2023-03-12,iHeartRadio,0,2023-03-01
Audio Content,2023-03-19,Spotify,11,2023-03-01
Audio Content,2023-03-19,YouTube,85,2023-03-01
Audio Content,2023-03-19,Audible,1,2023-03-01
Audio Content,2023-03-19,Apple Music,1,2023-03-01
Audio Content,2023-03-19,iHeartRadio,0,2023-03-01
Audio Content,2023-03-26,Spotify,11,2023-03-01
Audio Content,2023-03-26,YouTube,87,2023-03-01
Audio Content,2023-03-26,Audible,1,2023-03-01
Audio Content,2023-03-26,Apple Music,1,2023-03-01
Audio Content,2023-03-26,iHeartRadio,0,2023-03-01
Audio Content,2023-04-02,Spotify,11,2023-04-01
Audio Content,2023-04-02,YouTube,89,2023-04-01
Audio Content,2023-04-02,Audible,1,2023-04-01
Audio Content,2023-04-02,Apple Music,1,2023-04-01
Audio Content,2023-04-02,iHeartRadio,0,2023-04-01
Audio Content,2023-04-09,Spotify,15,2023-04-01
Audio Content,2023-04-09,YouTube,86,2023-04-01
Audio Content,2023-04-09,Audible,1,2023-04-01
Audio Content,2023-04-09,Apple Music,1,2023-04-01
Audio Content,2023-04-09,iHeartRadio,0,2023-04-01
Audio Content,2023-04-16,Spotify,12,2023-04-01
Audio Content,2023-04-16,YouTube,83,2023-04-01
Audio Content,2023-04-16,Audible,1,2023-04-01
Audio Content,2023-04-16,Apple Music,1,2023-04-01
Audio Content,2023-04-16,iHeartRadio,0,2023-04-01
Audio Content,2023-04-23,Spotify,11,2023-04-01
Audio Content,2023-04-23,YouTube,84,2023-04-01
Audio Content,2023-04-23,Audible,1,2023-04-01
Audio Content,2023-04-23,Apple Music,1,2023-04-01
Audio Content,2023-04-23,iHeartRadio,0,2023-04-01
Audio Content,2023-04-30,Spotify,11,2023-04-01
Audio Content,2023-04-30,YouTube,90,2023-04-01
Audio Content,2023-04-30,Audible,1,2023-04-01
Audio Content,2023-04-30,Apple Music,1,2023-04-01
Audio Content,2023-04-30,iHeartRadio,0,2023-04-01
Audio Content,2023-05-07,Spotify,11,2023-05-01
Audio Content,2023-05-07,YouTube,89,2023-05-01
Audio Content,2023-05-07,Audible,1,2023-05-01
Audio Content,2023-05-07,Apple Music,1,2023-05-01
Audio Content,2023-05-07,iHeartRadio,0,2023-05-01
Audio Content,2023-05-14,Spotify,12,2023-05-01
Audio Content,2023-05-14,YouTube,86,2023-05-01
Audio Content,2023-05-14,Audible,1,2023-05-01
Audio Content,2023-05-14,Apple Music,1,2023-05-01
Audio Content,2023-05-14,iHeartRadio,0,2023-05-01
Audio Content,2023-05-21,Spotify,12,2023-05-01
Audio Content,2023-05-21,YouTube,87,2023-05-01
Audio Content,2023-05-21,Audible,1,2023-05-01
Audio Content,2023-05-21,Apple Music,1,2023-05-01
Audio Content,2023-05-21,iHeartRadio,0,2023-05-01
Audio Content,2023-05-28,Spotify,11,2023-05-01
Audio Content,2023-05-28,YouTube,88,2023-05-01
Audio Content,2023-05-28,Audible,1,2023-05-01
Audio Content,2023-05-28,Apple Music,1,2023-05-01
Audio Content,2023-05-28,iHeartRadio,0,2023-05-01
Audio Content,2023-06-04,Spotify,11,2023-06-01
Audio Content,2023-06-04,YouTube,91,2023-06-01
Audio Content,2023-06-04,Audible,1,2023-06-01
Audio Content,2023-06-04,Apple Music,1,2023-06-01
Audio Content,2023-06-04,iHeartRadio,0,2023-06-01
Audio Content,2023-06-11,Spotify,11,2023-06-01
Audio Content,2023-06-11,YouTube,88,2023-06-01
Audio Content,2023-06-11,Audible,1,2023-06-01
Audio Content,2023-06-11,Apple Music,1,2023-06-01
Audio Content,2023-06-11,iHeartRadio,0,2023-06-01
Audio Content,2023-06-18,Spotify,11,2023-06-01
Audio Content,2023-06-18,YouTube,86,2023-06-01
Audio Content,2023-06-18,Audible,1,2023-06-01
Audio Content,2023-06-18,Apple Music,1,2023-06-01
Audio Content,2023-06-18,iHeartRadio,0,2023-06-01
Audio Content,2023-06-25,Spotify,11,2023-06-01
Audio Content,2023-06-25,YouTube,86,2023-06-01
Audio Content,2023-06-25,Audible,1,2023-06-01
Audio Content,2023-06-25,Apple Music,1,2023-06-01
Audio Content,2023-06-25,iHeartRadio,0,2023-06-01
Audio Content,2023-07-02,Spotify,11,2023-07-01
Audio Content,2023-07-02,YouTube,85,2023-07-01
Audio Content,2023-07-02,Audible,1,2023-07-01
Audio Content,2023-07-02,Apple Music,1,2023-07-01
Audio Content,2023-07-02,iHeartRadio,0,2023-07-01
Audio Content,2023-07-09,Spotify,11,2023-07-01
Audio Content,2023-07-09,YouTube,86,2023-07-01
Audio Content,2023-07-09,Audible,1,2023-07-01
Audio Content,2023-07-09,Apple Music,1,2023-07-01
Audio Content,2023-07-09,iHeartRadio,0,2023-07-01
Audio Content,2023-07-16,Spotify,10,2023-07-01
Audio Content,2023-07-16,YouTube,86,2023-07-01
Audio Content,2023-07-16,Audible,1,2023-07-01
Audio Content,2023-07-16,Apple Music,1,2023-07-01
Audio Content,2023-07-16,iHeartRadio,0,2023-07-01
Audio Content,2023-07-23,Spotify,13,2023-07-01
Audio Content,2023-07-23,YouTube,90,2023-07-01
Audio Content,2023-07-23,Audible,1,2023-07-01
Audio Content,2023-07-23,Apple Music,1,2023-07-01
Audio Content,2023-07-23,iHeartRadio,0,2023-07-01
Audio Content,2023-07-30,Spotify,11,2023-07-01
Audio Content,2023-07-30,YouTube,91,2023-07-01
Audio Content,2023-07-30,Audible,1,2023-07-01
Audio Content,2023-07-30,Apple Music,1,2023-07-01
Audio Content,2023-07-30,iHeartRadio,0,2023-07-01
Audio Content,2023-08-06,Spotify,10,2023-08-01
Audio Content,2023-08-06,YouTube,90,2023-08-01
Audio Content,2023-08-06,Audible,1,2023-08-01
Audio Content,2023-08-06,Apple Music,1,2023-08-01
Audio Content,2023-08-06,iHeartRadio,0,2023-08-01
Audio Content,2023-08-13,Spotify,11,2023-08-01
Audio Content,2023-08-13,YouTube,88,2023-08-01
Audio Content,2023-08-13,Audible,1,2023-08-01
Audio Content,2023-08-13,Apple Music,1,2023-08-01
Audio Content,2023-08-13,iHeartRadio,0,2023-08-01
Audio Content,2023-08-20,Spotify,11,2023-08-01
Audio Content,2023-08-20,YouTube,91,2023-08-01
Audio Content,2023-08-20,Audible,1,2023-08-01
Audio Content,2023-08-20,Apple Music,1,2023-08-01
Audio Content,2023-08-20,iHeartRadio,0,2023-08-01
Audio Content,2023-08-27,Spotify,11,2023-08-01
Audio Content,2023-08-27,YouTube,85,2023-08-01
Audio Content,2023-08-27,Audible,1,2023-08-01
Audio Content,2023-08-27,Apple Music,1,2023-08-01
Audio Content,2023-08-27,iHeartRadio,0,2023-08-01
Audio Content,2023-09-03,Spotify,12,2023-09-01
Audio Content,2023-09-03,YouTube,89,2023-09-01
Audio Content,2023-09-03,Audible,1,2023-09-01
Audio Content,2023-09-03,Apple Music,1,2023-09-01
Audio Content,2023-09-03,iHeartRadio,0,2023-09-01
Audio Content,2023-09-10,Spotify,11,2023-09-01
Audio Content,2023-09-10,YouTube,93,2023-09-01
Audio Content,2023-09-10,Audible,1,2023-09-01
Audio Content,2023-09-10,Apple Music,1,2023-09-01
Audio Content,2023-09-10,iHeartRadio,0,2023-09-01
Audio Content,2023-09-17,Spotify,11,2023-09-01
Audio Content,2023-09-17,YouTube,90,2023-09-01
Audio Content,2023-09-17,Audible,1,2023-09-01
Audio Content,2023-09-17,Apple Music,1,2023-09-01
Audio Content,2023-09-17,iHeartRadio,0,2023-09-01
Audio Content,2023-09-24,Spotify,10,2023-09-01
Audio Content,2023-09-24,YouTube,85,2023-09-01
Audio Content,2023-09-24,Audible,1,2023-09-01
Audio Content,2023-09-24,Apple Music,1,2023-09-01
Audio Content,2023-09-24,iHeartRadio,0,2023-09-01
Audio Content,2023-10-01,Spotify,12,2023-10-01
Audio Content,2023-10-01,YouTube,84,2023-10-01
Audio Content,2023-10-01,Audible,1,2023-10-01
Audio Content,2023-10-01,Apple Music,1,2023-10-01
Audio Content,2023-10-01,iHeartRadio,0,2023-10-01
Audio Content,2023-10-08,Spotify,12,2023-10-01
Audio Content,2023-10-08,YouTube,88,2023-10-01
Audio Content,2023-10-08,Audible,1,2023-10-01
Audio Content,2023-10-08,Apple Music,1,2023-10-01
Audio Content,2023-10-08,iHeartRadio,0,2023-10-01
Audio Content,2023-10-15,Spotify,12,2023-10-01
Audio Content,2023-10-15,YouTube,90,2023-10-01
Audio Content,2023-10-15,Audible,1,2023-10-01
Audio Content,2023-10-15,Apple Music,1,2023-10-01
Audio Content,2023-10-15,iHeartRadio,0,2023-10-01
Audio Content,2023-10-22,Spotify,12,2023-10-01
Audio Content,2023-10-22,YouTube,94,2023-10-01
Audio Content,2023-10-22,Audible,1,2023-10-01
Audio Content,2023-10-22,Apple Music,1,2023-10-01
Audio Content,2023-10-22,iHeartRadio,0,2023-10-01
Audio Content,2023-10-29,Spotify,13,2023-10-01
Audio Content,2023-10-29,YouTube,90,2023-10-01
Audio Content,2023-10-29,Audible,1,2023-10-01
Audio Content,2023-10-29,Apple Music,1,2023-10-01
Audio Content,2023-10-29,iHeartRadio,0,2023-10-01
Audio Content,2023-11-05,Spotify,11,2023-11-01
Audio Content,2023-11-05,YouTube,87,2023-11-01
Audio Content,2023-11-05,Audible,1,2023-11-01
Audio Content,2023-11-05,Apple Music,1,2023-11-01
Audio Content,2023-11-05,iHeartRadio,0,2023-11-01
Audio Content,2023-11-12,Spotify,11,2023-11-01
Audio Content,2023-11-12,YouTube,88,2023-11-01
Audio Content,2023-11-12,Audible,1,2023-11-01
Audio Content,2023-11-12,Apple Music,1,2023-11-01
Audio Content,2023-11-12,iHeartRadio,0,2023-11-01
Audio Content,2023-11-19,Spotify,12,2023-11-01
Audio Content,2023-11-19,YouTube,89,2023-11-01
Audio Content,2023-11-19,Audible,1,2023-11-01
Audio Content,2023-11-19,Apple Music,1,2023-11-01
Audio Content,2023-11-19,iHeartRadio,0,2023-11-01
Audio Content,2023-11-26,Spotify,23,2023-11-01
Audio Content,2023-11-26,YouTube,90,2023-11-01
Audio Content,2023-11-26,Audible,1,2023-11-01
Audio Content,2023-11-26,Apple Music,2,2023-11-01
Audio Content,2023-11-26,iHeartRadio,0,2023-11-01
Audio Content,2023-12-03,Spotify,12,2023-12-01
Audio Content,2023-12-03,YouTube,88,2023-12-01
Audio Content,2023-12-03,Audible,1,2023-12-01
Audio Content,2023-12-03,Apple Music,1,2023-12-01
Audio Content,2023-12-03,iHeartRadio,0,2023-12-01
Audio Content,2023-12-10,Spotify,11,2023-12-01
Audio Content,2023-12-10,YouTube,87,2023-12-01
Audio Content,2023-12-10,Audible,1,2023-12-01
Audio Content,2023-12-10,Apple Music,1,2023-12-01
Audio Content,2023-12-10,iHeartRadio,0,2023-12-01
Audio Content,2023-12-17,Spotify,11,2023-12-01
Audio Content,2023-12-17,YouTube,86,2023-12-01
Audio Content,2023-12-17,Audible,1,2023-12-01
Audio Content,2023-12-17,Apple Music,1,2023-12-01
Audio Content,2023-12-17,iHeartRadio,0,2023-12-01
Audio Content,2023-12-24,Spotify,10,2023-12-01
Audio Content,2023-12-24,YouTube,80,2023-12-01
Audio Content,2023-12-24,Audible,1,2023-12-01
Audio Content,2023-12-24,Apple Music,1,2023-12-01
Audio Content,2023-12-24,iHeartRadio,0,2023-12-01
Audio Content,2023-12-31,Spotify,10,2023-12-01
Audio Content,2023-12-31,YouTube,78,2023-12-01
Audio Content,2023-12-31,Audible,1,2023-12-01
Audio Content,2023-12-31,Apple Music,1,2023-12-01
Audio Content,2023-12-31,iHeartRadio,0,2023-12-01
Audio Content,2024-01-07,Spotify,9,2024-01-01
Audio Content,2024-01-07,YouTube,82,2024-01-01
Audio Content,2024-01-07,Audible,1,2024-01-01
Audio Content,2024-01-07,Apple Music,1,2024-01-01
Audio Content,2024-01-07,iHeartRadio,0,2024-01-01
Audio Content,2024-01-14,Spotify,10,2024-01-01
Audio Content,2024-01-14,YouTube,77,2024-01-01
Audio Content,2024-01-14,Audible,1,2024-01-01
Audio Content,2024-01-14,Apple Music,1,2024-01-01
Audio Content,2024-01-14,iHeartRadio,0,2024-01-01
Audio Content,2024-01-21,Spotify,10,2024-01-01
Audio Content,2024-01-21,YouTube,81,2024-01-01
Audio Content,2024-01-21,Audible,1,2024-01-01
Audio Content,2024-01-21,Apple Music,1,2024-01-01
Audio Content,2024-01-21,iHeartRadio,0,2024-01-01
Audio Content,2024-01-28,Spotify,11,2024-01-01
Audio Content,2024-01-28,YouTube,82,2024-01-01
Audio Content,2024-01-28,Audible,1,2024-01-01
Audio Content,2024-01-28,Apple Music,1,2024-01-01
Audio Content,2024-01-28,iHeartRadio,0,2024-01-01
Audio Content,2024-02-04,Spotify,12,2024-02-01
Audio Content,2024-02-04,YouTube,87,2024-02-01
Audio Content,2024-02-04,Audible,1,2024-02-01
Audio Content,2024-02-04,Apple Music,1,2024-02-01
Audio Content,2024-02-04,iHeartRadio,0,2024-02-01
Audio Content,2024-02-11,Spotify,12,2024-02-01
Audio Content,2024-02-11,YouTube,83,2024-02-01
Audio Content,2024-02-11,Audible,1,2024-02-01
Audio Content,2024-02-11,Apple Music,1,2024-02-01
Audio Content,2024-02-11,iHeartRadio,0,2024-02-01
Audio Content,2024-02-18,Spotify,13,2024-02-01
Audio Content,2024-02-18,YouTube,86,2024-02-01
Audio Content,2024-02-18,Audible,1,2024-02-01
Audio Content,2024-02-18,Apple Music,1,2024-02-01
Audio Content,2024-02-18,iHeartRadio,0,2024-02-01
Audio Content,2024-02-25,Spotify,13,2024-02-01
Audio Content,2024-02-25,YouTube,79,2024-02-01
Audio Content,2024-02-25,Audible,1,2024-02-01
Audio Content,2024-02-25,Apple Music,1,2024-02-01
Audio Content,2024-02-25,iHeartRadio,0,2024-02-01
Audio Content,2024-03-03,Spotify,13,2024-03-01
Audio Content,2024-03-03,YouTube,83,2024-03-01
Audio Content,2024-03-03,Audible,1,2024-03-01
Audio Content,2024-03-03,Apple Music,1,2024-03-01
Audio Content,2024-03-03,iHeartRadio,0,2024-03-01
Audio Content,2024-03-10,Spotify,12,2024-03-01
Audio Content,2024-03-10,YouTube,82,2024-03-01
Audio Content,2024-03-10,Audible,1,2024-03-01
Audio Content,2024-03-10,Apple Music,1,2024-03-01
Audio Content,2024-03-10,iHeartRadio,0,2024-03-01
Audio Content,2024-03-17,Spotify,12,2024-03-01
Audio Content,2024-03-17,YouTube,87,2024-03-01
Audio Content,2024-03-17,Audible,1,2024-03-01
Audio Content,2024-03-17,Apple Music,1,2024-03-01
Audio Content,2024-03-17,iHeartRadio,0,2024-03-01
Audio Content,2024-03-24,Spotify,12,2024-03-01
Audio Content,2024-03-24,YouTube,87,2024-03-01
Audio Content,2024-03-24,Audible,1,2024-03-01
Audio Content,2024-03-24,Apple Music,1,2024-03-01
Audio Content,2024-03-24,iHeartRadio,0,2024-03-01
Audio Content,2024-03-31,Spotify,11,2024-03-01
Audio Content,2024-03-31,YouTube,91,2024-03-01
Audio Content,2024-03-31,Audible,1,2024-03-01
Audio Content,2024-03-31,Apple Music,1,2024-03-01
Audio Content,2024-03-31,iHeartRadio,0,2024-03-01
Audio Content,2024-04-07,Spotify,11,2024-04-01
Audio Content,2024-04-07,YouTube,89,2024-04-01
Audio Content,2024-04-07,Audible,1,2024-04-01
Audio Content,2024-04-07,Apple Music,1,2024-04-01
Audio Content,2024-04-07,iHeartRadio,0,2024-04-01
Audio Content,2024-04-14,Spotify,12,2024-04-01
Audio Content,2024-04-14,YouTube,82,2024-04-01
Audio Content,2024-04-14,Audible,1,2024-04-01
Audio Content,2024-04-14,Apple Music,1,2024-04-01
Audio Content,2024-04-14,iHeartRadio,0,2024-04-01
Audio Content,2024-04-21,Spotify,12,2024-04-01
Audio Content,2024-04-21,YouTube,82,2024-04-01
Audio Content,2024-04-21,Audible,1,2024-04-01
Audio Content,2024-04-21,Apple Music,1,2024-04-01
Audio Content,2024-04-21,iHeartRadio,0,2024-04-01
Audio Content,2024-04-28,Spotify,12,2024-04-01
Audio Content,2024-04-28,YouTube,86,2024-04-01
Audio Content,2024-04-28,Audible,1,2024-04-01
Audio Content,2024-04-28,Apple Music,1,2024-04-01
Audio Content,2024-04-28,iHeartRadio,0,2024-04-01
Audio Content,2024-05-05,Spotify,12,2024-05-01
Audio Content,2024-05-05,YouTube,86,2024-05-01
Audio Content,2024-05-05,Audible,1,2024-05-01
Audio Content,2024-05-05,Apple Music,1,2024-05-01
Audio Content,2024-05-05,iHeartRadio,0,2024-05-01
Audio Content,2024-05-12,Spotify,12,2024-05-01
Audio Content,2024-05-12,YouTube,87,2024-05-01
Audio Content,2024-05-12,Audible,1,2024-05-01
Audio Content,2024-05-12,Apple Music,1,2024-05-01
Audio Content,2024-05-12,iHeartRadio,0,2024-05-01
Audio Content,2024-05-19,Spotify,13,2024-05-01
Audio Content,2024-05-19,YouTube,89,2024-05-01
Audio Content,2024-05-19,Audible,1,2024-05-01
Audio Content,2024-05-19,Apple Music,2,2024-05-01
Audio Content,2024-05-19,iHeartRadio,0,2024-05-01
Audio Content,2024-05-26,Spotify,13,2024-05-01
Audio Content,2024-05-26,YouTube,87,2024-05-01
Audio Content,2024-05-26,Audible,1,2024-05-01
Audio Content,2024-05-26,Apple Music,1,2024-05-01
Audio Content,2024-05-26,iHeartRadio,0,2024-05-01
Audio Content,2024-06-02,Spotify,11,2024-06-01
Audio Content,2024-06-02,YouTube,87,2024-06-01
Audio Content,2024-06-02,Audible,1,2024-06-01
Audio Content,2024-06-02,Apple Music,1,2024-06-01
Audio Content,2024-06-02,iHeartRadio,0,2024-06-01
Audio Content,2024-06-09,Spotify,11,2024-06-01
Audio Content,2024-06-09,YouTube,86,2024-06-01
Audio Content,2024-06-09,Audible,1,2024-06-01
Audio Content,2024-06-09,Apple Music,1,2024-06-01
Audio Content,2024-06-09,iHeartRadio,0,2024-06-01
Audio Content,2024-06-16,Spotify,11,2024-06-01
Audio Content,2024-06-16,YouTube,85,2024-06-01
Audio Content,2024-06-16,Audible,1,2024-06-01
Audio Content,2024-06-16,Apple Music,1,2024-06-01
Audio Content,2024-06-16,iHeartRadio,0,2024-06-01
Audio Content,2024-06-23,Spotify,11,2024-06-01
Audio Content,2024-06-23,YouTube,85,2024-06-01
Audio Content,2024-06-23,Audible,1,2024-06-01
Audio Content,2024-06-23,Apple Music,1,2024-06-01
Audio Content,2024-06-23,iHeartRadio,0,2024-06-01
Audio Content,2024-06-30,Spotify,10,2024-06-01
Audio Content,2024-06-30,YouTube,82,2024-06-01
Audio Content,2024-06-30,Audible,1,2024-06-01
Audio Content,2024-06-30,Apple Music,1,2024-06-01
Audio Content,2024-06-30,iHeartRadio,0,2024-06-01
Audio Content,2024-07-07,Spotify,11,2024-07-01
Audio Content,2024-07-07,YouTube,80,2024-07-01
Audio Content,2024-07-07,Audible,1,2024-07-01
Audio Content,2024-07-07,Apple Music,1,2024-07-01
Audio Content,2024-07-07,iHeartRadio,0,2024-07-01
Audio Content,2024-07-14,Spotify,10,2024-07-01
Audio Content,2024-07-14,YouTube,77,2024-07-01
Audio Content,2024-07-14,Audible,1,2024-07-01
Audio Content,2024-07-14,Apple Music,1,2024-07-01
Audio Content,2024-07-14,iHeartRadio,0,2024-07-01
Audio Content,2024-07-21,Spotify,11,2024-07-01
Audio Content,2024-07-21,YouTube,83,2024-07-01
Audio Content,2024-07-21,Audible,1,2024-07-01
Audio Content,2024-07-21,Apple Music,1,2024-07-01
Audio Content,2024-07-21,iHeartRadio,0,2024-07-01
Audio Content,2024-07-28,Spotify,11,2024-07-01
Audio Content,2024-07-28,YouTube,83,2024-07-01
Audio Content,2024-07-28,Audible,1,2024-07-01
Audio Content,2024-07-28,Apple Music,1,2024-07-01
Audio Content,2024-07-28,iHeartRadio,0,2024-07-01
Audio Content,2024-08-04,Spotify,11,2024-08-01
Audio Content,2024-08-04,YouTube,83,2024-08-01
Audio Content,2024-08-04,Audible,1,2024-08-01
Audio Content,2024-08-04,Apple Music,1,2024-08-01
Audio Content,2024-08-04,iHeartRadio,0,2024-08-01
Audio Content,2024-08-11,Spotify,12,2024-08-01
Audio Content,2024-08-11,YouTube,85,2024-08-01
Audio Content,2024-08-11,Audible,1,2024-08-01
Audio Content,2024-08-11,Apple Music,1,2024-08-01
Audio Content,2024-08-11,iHeartRadio,0,2024-08-01
Audio Content,2024-08-18,Spotify,12,2024-08-01
Audio Content,2024-08-18,YouTube,86,2024-08-01
Audio Content,2024-08-18,Audible,1,2024-08-01
Audio Content,2024-08-18,Apple Music,1,2024-08-01
Audio Content,2024-08-18,iHeartRadio,0,2024-08-01
Audio Content,2024-08-25,Spotify,11,2024-08-01
Audio Content,2024-08-25,YouTube,87,2024-08-01
Audio Content,2024-08-25,Audible,1,2024-08-01
Audio Content,2024-08-25,Apple Music,1,2024-08-01
Audio Content,2024-08-25,iHeartRadio,0,2024-08-01
Audio Content,2024-09-01,Spotify,11,2024-09-01
Audio Content,2024-09-01,YouTube,87,2024-09-01
Audio Content,2024-09-01,Audible,1,2024-09-01
Audio Content,2024-09-01,Apple Music,1,2024-09-01
Audio Content,2024-09-01,iHeartRadio,0,2024-09-01
Audio Content,2024-09-08,Spotify,11,2024-09-01
Audio Content,2024-09-08,YouTube,85,2024-09-01
Audio Content,2024-09-08,Audible,1,2024-09-01
Audio Content,2024-09-08,Apple Music,1,2024-09-01
Audio Content,2024-09-08,iHeartRadio,0,2024-09-01
Audio Content,2024-09-15,Spotify,11,2024-09-01
Audio Content,2024-09-15,YouTube,84,2024-09-01
Audio Content,2024-09-15,Audible,1,2024-09-01
Audio Content,2024-09-15,Apple Music,1,2024-09-01
Audio Content,2024-09-15,iHeartRadio,0,2024-09-01
Audio Content,2024-09-22,Spotify,12,2024-09-01
Audio Content,2024-09-22,YouTube,82,2024-09-01
Audio Content,2024-09-22,Audible,1,2024-09-01
Audio Content,2024-09-22,Apple Music,1,2024-09-01
Audio Content,2024-09-22,iHeartRadio,0,2024-09-01
Audio Content,2024-09-29,Spotify,11,2024-09-01
Audio Content,2024-09-29,YouTube,85,2024-09-01
Audio Content,2024-09-29,Audible,1,2024-09-01
Audio Content,2024-09-29,Apple Music,1,2024-09-01
Audio Content,2024-09-29,iHeartRadio,0,2024-09-01
Audio Content,2024-10-06,Spotify,10,2024-10-01
Audio Content,2024-10-06,YouTube,80,2024-10-01
Audio Content,2024-10-06,Audible,1,2024-10-01
Audio Content,2024-10-06,Apple Music,1,2024-10-01
Audio Content,2024-10-06,iHeartRadio,0,2024-10-01
Audio Content,2024-10-13,Spotify,11,2024-10-01
Audio Content,2024-10-13,YouTube,85,2024-10-01
Audio Content,2024-10-13,Audible,1,2024-10-01
Audio Content,2024-10-13,Apple Music,1,2024-10-01
Audio Content,2024-10-13,iHeartRadio,0,2024-10-01
Audio Content,2024-10-20,Spotify,13,2024-10-01
Audio Content,2024-10-20,YouTube,84,2024-10-01
Audio Content,2024-10-20,Audible,1,2024-10-01
Audio Content,2024-10-20,Apple Music,1,2024-10-01
Audio Content,2024-10-20,iHeartRadio,0,2024-10-01
Audio Content,2024-10-27,Spotify,13,2024-10-01
Audio Content,2024-10-27,YouTube,83,2024-10-01
Audio Content,2024-10-27,Audible,1,2024-10-01
Audio Content,2024-10-27,Apple Music,1,2024-10-01
Audio Content,2024-10-27,iHeartRadio,0,2024-10-01
Audio Content,2024-11-03,Spotify,13,2024-11-01
Audio Content,2024-11-03,YouTube,83,2024-11-01
Audio Content,2024-11-03,Audible,1,2024-11-01
Audio Content,2024-11-03,Apple Music,1,2024-11-01
Audio Content,2024-11-03,iHeartRadio,0,2024-11-01
Audio Content,2024-11-10,Spotify,12,2024-11-01
Audio Content,2024-11-10,YouTube,84,2024-11-01
Audio Content,2024-11-10,Audible,1,2024-11-01
Audio Content,2024-11-10,Apple Music,1,2024-11-01
Audio Content,2024-11-10,iHeartRadio,0,2024-11-01
Audio Content,2024-11-17,Spotify,13,2024-11-01
Audio Content,2024-11-17,YouTube,76,2024-11-01
Audio Content,2024-11-17,Audible,1,2024-11-01
Audio Content,2024-11-17,Apple Music,1,2024-11-01
Audio Content,2024-11-17,iHeartRadio,0,2024-11-01
Audio Content,2024-11-24,Spotify,18,2024-11-01
Audio Content,2024-11-24,YouTube,83,2024-11-01
Audio Content,2024-11-24,Audible,1,2024-11-01
Audio Content,2024-11-24,Apple Music,1,2024-11-01
Audio Content,2024-11-24,iHeartRadio,0,2024-11-01
Audio Content,2024-12-01,Spotify,44,2024-12-01
Audio Content,2024-12-01,YouTube,83,2024-12-01
Audio Content,2024-12-01,Audible,1,2024-12-01
Audio Content,2024-12-01,Apple Music,2,2024-12-01
Audio Content,2024-12-01,iHeartRadio,0,2024-12-01
Audio Content,2024-12-08,Spotify,13,2024-12-01
Audio Content,2024-12-08,YouTube,85,2024-12-01
Audio Content,2024-12-08,Audible,1,2024-12-01
Audio Content,2024-12-08,Apple Music,1,2024-12-01
Audio Content,2024-12-08,iHeartRadio,0,2024-12-01
Audio Content,2024-12-15,Spotify,12,2024-12-01
Audio Content,2024-12-15,YouTube,84,2024-12-01
Audio Content,2024-12-15,Audible,1,2024-12-01
Audio Content,2024-12-15,Apple Music,1,2024-12-01
Audio Content,2024-12-15,iHeartRadio,0,2024-12-01
Audio Content,2024-12-22,Spotify,12,2024-12-01
Audio Content,2024-12-22,YouTube,79,2024-12-01
Audio Content,2024-12-22,Audible,1,2024-12-01
Audio Content,2024-12-22,Apple Music,1,2024-12-01
Audio Content,2024-12-22,iHeartRadio,0,2024-12-01
Audio Content,2024-12-29,Spotify,10,2024-12-01
Audio Content,2024-12-29,YouTube,77,2024-12-01
Audio Content,2024-12-29,Audible,1,2024-12-01
Audio Content,2024-12-29,Apple Music,1,2024-12-01
Audio Content,2024-12-29,iHeartRadio,0,2024-12-01
Audio Content,2025-01-05,Spotify,11,2025-01-01
Audio Content,2025-01-05,YouTube,82,2025-01-01
Audio Content,2025-01-05,Audible,1,2025-01-01
Audio Content,2025-01-05,Apple Music,1,2025-01-01
Audio Content,2025-01-05,iHeartRadio,0,2025-01-01
Audio Content,2025-01-12,Spotify,11,2025-01-01
Audio Content,2025-01-12,YouTube,80,2025-01-01
Audio Content,2025-01-12,Audible,1,2025-01-01
Audio Content,2025-01-12,Apple Music,1,2025-01-01
Audio Content,2025-01-12,iHeartRadio,0,2025-01-01
Audio Content,2025-01-19,Spotify,10,2025-01-01
Audio Content,2025-01-19,YouTube,81,2025-01-01
Audio Content,2025-01-19,Audible,1,2025-01-01
Audio Content,2025-01-19,Apple Music,1,2025-01-01
Audio Content,2025-01-19,iHeartRadio,0,2025-01-01
Audio Content,2025-01-26,Spotify,12,2025-01-01
Audio Content,2025-01-26,YouTube,82,2025-01-01
Audio Content,2025-01-26,Audible,1,2025-01-01
Audio Content,2025-01-26,Apple Music,1,2025-01-01
Audio Content,2025-01-26,iHeartRadio,0,2025-01-01
Audio Content,2025-02-02,Spotify,13,2025-02-01
Audio Content,2025-02-02,YouTube,87,2025-02-01
Audio Content,2025-02-02,Audible,1,2025-02-01
Audio Content,2025-02-02,Apple Music,1,2025-02-01
Audio Content,2025-02-02,iHeartRadio,0,2025-02-01
Audio Content,2025-02-09,Spotify,13,2025-02-01
Audio Content,2025-02-09,YouTube,84,2025-02-01
Audio Content,2025-02-09,Audible,1,2025-02-01
Audio Content,2025-02-09,Apple Music,1,2025-02-01
Audio Content,2025-02-09,iHeartRadio,0,2025-02-01
Audio Content,2025-02-16,Spotify,13,2025-02-01
Audio Content,2025-02-16,YouTube,85,2025-02-01
Audio Content,2025-02-16,Audible,1,2025-02-01
Audio Content,2025-02-16,Apple Music,1,2025-02-01
Audio Content,2025-02-16,iHeartRadio,0,2025-02-01
Audio Content,2025-02-23,Spotify,13,2025-02-01
Audio Content,2025-02-23,YouTube,88,2025-02-01
Audio Content,2025-02-23,Audible,1,2025-02-01
Audio Content,2025-02-23,Apple Music,1,2025-02-01
Audio Content,2025-02-23,iHeartRadio,0,2025-02-01
Audio Content,2025-03-02,Spotify,12,2025-03-01
Audio Content,2025-03-02,YouTube,85,2025-03-01
Audio Content,2025-03-02,Audible,1,2025-03-01
Audio Content,2025-03-02,Apple Music,1,2025-03-01
Audio Content,2025-03-02,iHeartRadio,0,2025-03-01
Audio Content,2025-03-09,Spotify,14,2025-03-01
Audio Content,2025-03-09,YouTube,87,2025-03-01
Audio Content,2025-03-09,Audible,1,2025-03-01
Audio Content,2025-03-09,Apple Music,1,2025-03-01
Audio Content,2025-03-09,iHeartRadio,0,2025-03-01
Audio Content,2025-03-16,Spotify,13,2025-03-01
Audio Content,2025-03-16,YouTube,89,2025-03-01
Audio Content,2025-03-16,Audible,1,2025-03-01
Audio Content,2025-03-16,Apple Music,1,2025-03-01
Audio Content,2025-03-16,iHeartRadio,1,2025-03-01
Audio Content,2025-03-23,Spotify,13,2025-03-01
Audio Content,2025-03-23,YouTube,85,2025-03-01
Audio Content,2025-03-23,Audible,1,2025-03-01
Audio Content,2025-03-23,Apple Music,1,2025-03-01
Audio Content,2025-03-23,iHeartRadio,0,2025-03-01
Audio Content,2025-03-30,Spotify,12,2025-03-01
Audio Content,2025-03-30,YouTube,87,2025-03-01
Audio Content,2025-03-30,Audible,1,2025-03-01
Audio Content,2025-03-30,Apple Music,1,2025-03-01
Audio Content,2025-03-30,iHeartRadio,0,2025-03-01
Social Media Platforms,2021-08-29,Facebook,82,2021-08-01
Social Media Platforms,2021-08-29,Instagram,27,2021-08-01
Social Media Platforms,2021-08-29,TikTok,9,2021-08-01
Social Media Platforms,2021-08-29,Snapchat,3,2021-08-01
Social Media Platforms,2021-08-29,Reddit,22,2021-08-01
Social Media Platforms,2021-09-05,Facebook,88,2021-09-01
Social Media Platforms,2021-09-05,Instagram,25,2021-09-01
Social Media Platforms,2021-09-05,TikTok,8,2021-09-01
Social Media Platforms,2021-09-05,Snapchat,3,2021-09-01
Social Media Platforms,2021-09-05,Reddit,23,2021-09-01
Social Media Platforms,2021-09-12,Facebook,81,2021-09-01
Social Media Platforms,2021-09-12,Instagram,24,2021-09-01
Social Media Platforms,2021-09-12,TikTok,9,2021-09-01
Social Media Platforms,2021-09-12,Snapchat,3,2021-09-01
Social Media Platforms,2021-09-12,Reddit,23,2021-09-01
Social Media Platforms,2021-09-19,Facebook,88,2021-09-01
Social Media Platforms,2021-09-19,Instagram,25,2021-09-01
Social Media Platforms,2021-09-19,TikTok,9,2021-09-01
Social Media Platforms,2021-09-19,Snapchat,3,2021-09-01
Social Media Platforms,2021-09-19,Reddit,22,2021-09-01
Social Media Platforms,2021-09-26,Facebook,84,2021-09-01
Social Media Platforms,2021-09-26,Instagram,25,2021-09-01
Social Media Platforms,2021-09-26,TikTok,9,2021-09-01
Social Media Platforms,2021-09-26,Snapchat,3,2021-09-01
Social Media Platforms,2021-09-26,Reddit,23,2021-09-01
Social Media Platforms,2021-10-03,Facebook,100,2021-10-01
Social Media Platforms,2021-10-03,Instagram,32,2021-10-01
Social Media Platforms,2021-10-03,TikTok,9,2021-10-01
Social Media Platforms,2021-10-03,Snapchat,3,2021-10-01
Social Media Platforms,2021-10-03,Reddit,23,2021-10-01
Social Media Platforms,2021-10-10,Facebook,82,2021-10-01
Social Media Platforms,2021-10-10,Instagram,24,2021-10-01
Social Media Platforms,2021-10-10,TikTok,8,2021-10-01
Social Media Platforms,2021-10-10,Snapchat,6,2021-10-01
Social Media Platforms,2021-10-10,Reddit,22,2021-10-01
Social Media Platforms,2021-10-17,Facebook,80,2021-10-01
Social Media Platforms,2021-10-17,Instagram,24,2021-10-01
Social Media Platforms,2021-10-17,TikTok,8,2021-10-01
Social Media Platforms,2021-10-17,Snapchat,3,2021-10-01
Social Media Platforms,2021-10-17,Reddit,22,2021-10-01
Social Media Platforms,2021-10-24,Facebook,85,2021-10-01
Social Media Platforms,2021-10-24,Instagram,24,2021-10-01
Social Media Platforms,2021-10-24,TikTok,8,2021-10-01
Social Media Platforms,2021-10-24,Snapchat,3,2021-10-01
Social Media Platforms,2021-10-24,Reddit,22,2021-10-01
Social Media Platforms,2021-10-31,Facebook,82,2021-10-01
Social Media Platforms,2021-10-31,Instagram,25,2021-10-01
Social Media Platforms,2021-10-31,TikTok,7,2021-10-01
Social Media Platforms,2021-10-31,Snapchat,3,2021-10-01
Social Media Platforms,2021-10-31,Reddit,23,2021-10-01
Social Media Platforms,2021-11-07,Facebook,81,2021-11-01
Social Media Platforms,2021-11-07,Instagram,25,2021-11-01
Social Media Platforms,2021-11-07,TikTok,7,2021-11-01
Social Media Platforms,2021-11-07,Snapchat,3,2021-11-01
Social Media Platforms,2021-11-07,Reddit,22,2021-11-01
Social Media Platforms,2021-11-14,Facebook,79,2021-11-01
Social Media Platforms,2021-11-14,Instagram,24,2021-11-01
Social Media Platforms,2021-11-14,TikTok,8,2021-11-01
Social Media Platforms,2021-11-14,Snapchat,3,2021-11-01
Social Media Platforms,2021-11-14,Reddit,23,2021-11-01
Social Media Platforms,2021-11-21,Facebook,80,2021-11-01
Social Media Platforms,2021-11-21,Instagram,23,2021-11-01
Social Media Platforms,2021-11-21,TikTok,7,2021-11-01
Social Media Platforms,2021-11-21,Snapchat,3,2021-11-01
Social Media Platforms,2021-11-21,Reddit,22,2021-11-01
Social Media Platforms,2021-11-28,Facebook,81,2021-11-01
Social Media Platforms,2021-11-28,Instagram,23,2021-11-01
Social Media Platforms,2021-11-28,TikTok,7,2021-11-01
Social Media Platforms,2021-11-28,Snapchat,3,2021-11-01
Social Media Platforms,2021-11-28,Reddit,23,2021-11-01
Social Media Platforms,2021-12-05,Facebook,83,2021-12-01
Social Media Platforms,2021-12-05,Instagram,25,2021-12-01
Social Media Platforms,2021-12-05,TikTok,8,2021-12-01
Social Media Platforms,2021-12-05,Snapchat,3,2021-12-01
Social Media Platforms,2021-12-05,Reddit,23,2021-12-01
Social Media Platforms,2021-12-12,Facebook,82,2021-12-01
Social Media Platforms,2021-12-12,Instagram,23,2021-12-01
Social Media Platforms,2021-12-12,TikTok,8,2021-12-01
Social Media Platforms,2021-12-12,Snapchat,4,2021-12-01
Social Media Platforms,2021-12-12,Reddit,23,2021-12-01
Social Media Platforms,2021-12-19,Facebook,80,2021-12-01
Social Media Platforms,2021-12-19,Instagram,23,2021-12-01
Social Media Platforms,2021-12-19,TikTok,8,2021-12-01
Social Media Platforms,2021-12-19,Snapchat,4,2021-12-01
Social Media Platforms,2021-12-19,Reddit,23,2021-12-01
Social Media Platforms,2021-12-26,Facebook,78,2021-12-01
Social Media Platforms,2021-12-26,Instagram,25,2021-12-01
Social Media Platforms,2021-12-26,TikTok,9,2021-12-01
Social Media Platforms,2021-12-26,Snapchat,4,2021-12-01
Social Media Platforms,2021-12-26,Reddit,25,2021-12-01
Social Media Platforms,2022-01-02,Facebook,73,2022-01-01
Social Media Platforms,2022-01-02,Instagram,26,2022-01-01
Social Media Platforms,2022-01-02,TikTok,9,2022-01-01
Social Media Platforms,2022-01-02,Snapchat,3,2022-01-01
Social Media Platforms,2022-01-02,Reddit,30,2022-01-01
Social Media Platforms,2022-01-09,Facebook,72,2022-01-01
Social Media Platforms,2022-01-09,Instagram,23,2022-01-01
Social Media Platforms,2022-01-09,TikTok,9,2022-01-01
Social Media Platforms,2022-01-09,Snapchat,3,2022-01-01
Social Media Platforms,2022-01-09,Reddit,30,2022-01-01
Social Media Platforms,2022-01-16,Facebook,71,2022-01-01
Social Media Platforms,2022-01-16,Instagram,23,2022-01-01
Social Media Platforms,2022-01-16,TikTok,9,2022-01-01
Social Media Platforms,2022-01-16,Snapchat,3,2022-01-01
Social Media Platforms,2022-01-16,Reddit,28,2022-01-01
Social Media Platforms,2022-01-23,Facebook,72,2022-01-01
Social Media Platforms,2022-01-23,Instagram,23,2022-01-01
Social Media Platforms,2022-01-23,TikTok,8,2022-01-01
Social Media Platforms,2022-01-23,Snapchat,3,2022-01-01
Social Media Platforms,2022-01-23,Reddit,29,2022-01-01
Social Media Platforms,2022-01-30,Facebook,78,2022-01-01
Social Media Platforms,2022-01-30,Instagram,24,2022-01-01
Social Media Platforms,2022-01-30,TikTok,8,2022-01-01
Social Media Platforms,2022-01-30,Snapchat,3,2022-01-01
Social Media Platforms,2022-01-30,Reddit,28,2022-01-01
Social Media Platforms,2022-02-06,Facebook,76,2022-02-01
Social Media Platforms,2022-02-06,Instagram,25,2022-02-01
Social Media Platforms,2022-02-06,TikTok,8,2022-02-01
Social Media Platforms,2022-02-06,Snapchat,3,2022-02-01
Social Media Platforms,2022-02-06,Reddit,30,2022-02-01
Social Media Platforms,2022-02-13,Facebook,74,2022-02-01
Social Media Platforms,2022-02-13,Instagram,27,2022-02-01
Social Media Platforms,2022-02-13,TikTok,8,2022-02-01
Social Media Platforms,2022-02-13,Snapchat,3,2022-02-01
Social Media Platforms,2022-02-13,Reddit,34,2022-02-01
Social Media Platforms,2022-02-20,Facebook,75,2022-02-01
Social Media Platforms,2022-02-20,Instagram,26,2022-02-01
Social Media Platforms,2022-02-20,TikTok,8,2022-02-01
Social Media Platforms,2022-02-20,Snapchat,3,2022-02-01
Social Media Platforms,2022-02-20,Reddit,33,2022-02-01
Social Media Platforms,2022-02-27,Facebook,75,2022-02-01
Social Media Platforms,2022-02-27,Instagram,24,2022-02-01
Social Media Platforms,2022-02-27,TikTok,8,2022-02-01
Social Media Platforms,2022-02-27,Snapchat,3,2022-02-01
Social Media Platforms,2022-02-27,Reddit,32,2022-02-01
Social Media Platforms,2022-03-06,Facebook,75,2022-03-01
Social Media Platforms,2022-03-06,Instagram,25,2022-03-01
Social Media Platforms,2022-03-06,TikTok,9,2022-03-01
Social Media Platforms,2022-03-06,Snapchat,3,2022-03-01
Social Media Platforms,2022-03-06,Reddit,31,2022-03-01
Social Media Platforms,2022-03-13,Facebook,72,2022-03-01
Social Media Platforms,2022-03-13,Instagram,24,2022-03-01
Social Media Platforms,2022-03-13,TikTok,8,2022-03-01
Social Media Platforms,2022-03-13,Snapchat,3,2022-03-01
Social Media Platforms,2022-03-13,Reddit,32,2022-03-01
Social Media Platforms,2022-03-20,Facebook,66,2022-03-01
Social Media Platforms,2022-03-20,Instagram,24,2022-03-01
Social Media Platforms,2022-03-20,TikTok,8,2022-03-01
Social Media Platforms,2022-03-20,Snapchat,3,2022-03-01
Social Media Platforms,2022-03-20,Reddit,31,2022-03-01
Social Media Platforms,2022-03-27,Facebook,70,2022-03-01
Social Media Platforms,2022-03-27,Instagram,25,2022-03-01
Social Media Platforms,2022-03-27,TikTok,8,2022-03-01
Social Media Platforms,2022-03-27,Snapchat,3,2022-03-01
Social Media Platforms,2022-03-27,Reddit,31,2022-03-01
Social Media Platforms,2022-04-03,Facebook,73,2022-04-01
Social Media Platforms,2022-04-03,Instagram,24,2022-04-01
Social Media Platforms,2022-04-03,TikTok,9,2022-04-01
Social Media Platforms,2022-04-03,Snapchat,3,2022-04-01
Social Media Platforms,2022-04-03,Reddit,30,2022-04-01
Social Media Platforms,2022-04-10,Facebook,75,2022-04-01
Social Media Platforms,2022-04-10,Instagram,25,2022-04-01
Social Media Platforms,2022-04-10,TikTok,10,2022-04-01
Social Media Platforms,2022-04-10,Snapchat,3,2022-04-01
Social Media Platforms,2022-04-10,Reddit,32,2022-04-01
Social Media Platforms,2022-04-17,Facebook,72,2022-04-01
Social Media Platforms,2022-04-17,Instagram,25,2022-04-01
Social Media Platforms,2022-04-17,TikTok,9,2022-04-01
Social Media Platforms,2022-04-17,Snapchat,3,2022-04-01
Social Media Platforms,2022-04-17,Reddit,31,2022-04-01
Social Media Platforms,2022-04-24,Facebook,73,2022-04-01
Social Media Platforms,2022-04-24,Instagram,25,2022-04-01
Social Media Platforms,2022-04-24,TikTok,9,2022-04-01
Social Media Platforms,2022-04-24,Snapchat,3,2022-04-01
Social Media Platforms,2022-04-24,Reddit,32,2022-04-01
Social Media Platforms,2022-05-01,Facebook,72,2022-05-01
Social Media Platforms,2022-05-01,Instagram,24,2022-05-01
Social Media Platforms,2022-05-01,TikTok,8,2022-05-01
Social Media Platforms,2022-05-01,Snapchat,3,2022-05-01
Social Media Platforms,2022-05-01,Reddit,30,2022-05-01
Social Media Platforms,2022-05-08,Facebook,73,2022-05-01
Social Media Platforms,2022-05-08,Instagram,25,2022-05-01
Social Media Platforms,2022-05-08,TikTok,9,2022-05-01
Social Media Platforms,2022-05-08,Snapchat,3,2022-05-01
Social Media Platforms,2022-05-08,Reddit,30,2022-05-01
Social Media Platforms,2022-05-15,Facebook,69,2022-05-01
Social Media Platforms,2022-05-15,Instagram,24,2022-05-01
Social Media Platforms,2022-05-15,TikTok,9,2022-05-01
Social Media Platforms,2022-05-15,Snapchat,3,2022-05-01
Social Media Platforms,2022-05-15,Reddit,28,2022-05-01
Social Media Platforms,2022-05-22,Facebook,71,2022-05-01
Social Media Platforms,2022-05-22,Instagram,26,2022-05-01
Social Media Platforms,2022-05-22,TikTok,8,2022-05-01
Social Media Platforms,2022-05-22,Snapchat,3,2022-05-01
Social Media Platforms,2022-05-22,Reddit,30,2022-05-01
Social Media Platforms,2022-05-29,Facebook,71,2022-05-01
Social Media Platforms,2022-05-29,Instagram,24,2022-05-01
Social Media Platforms,2022-05-29,TikTok,9,2022-05-01
Social Media Platforms,2022-05-29,Snapchat,3,2022-05-01
Social Media Platforms,2022-05-29,Reddit,28,2022-05-01
Social Media Platforms,2022-06-05,Facebook,71,2022-06-01
Social Media Platforms,2022-06-05,Instagram,24,2022-06-01
Social Media Platforms,2022-06-05,TikTok,9,2022-06-01
Social Media Platforms,2022-06-05,Snapchat,3,2022-06-01
Social Media Platforms,2022-06-05,Reddit,28,2022-06-01
Social Media Platforms,2022-06-12,Facebook,69,2022-06-01
Social Media Platforms,2022-06-12,Instagram,25,2022-06-01
Social Media Platforms,2022-06-12,TikTok,9,2022-06-01
Social Media Platforms,2022-06-12,Snapchat,3,2022-06-01
Social Media Platforms,2022-06-12,Reddit,30,2022-06-01
Social Media Platforms,2022-06-19,Facebook,73,2022-06-01
Social Media Platforms,2022-06-19,Instagram,24,2022-06-01
Social Media Platforms,2022-06-19,TikTok,9,2022-06-01
Social Media Platforms,2022-06-19,Snapchat,3,2022-06-01
Social Media Platforms,2022-06-19,Reddit,29,2022-06-01
Social Media Platforms,2022-06-26,Facebook,74,2022-06-01
Social Media Platforms,2022-06-26,Instagram,24,2022-06-01
Social Media Platforms,2022-06-26,TikTok,9,2022-06-01
Social Media Platforms,2022-06-26,Snapchat,3,2022-06-01
Social Media Platforms,2022-06-26,Reddit,28,2022-06-01
Social Media Platforms,2022-07-03,Facebook,74,2022-07-01
Social Media Platforms,2022-07-03,Instagram,23,2022-07-01
Social Media Platforms,2022-07-03,TikTok,9,2022-07-01
Social Media Platforms,2022-07-03,Snapchat,4,2022-07-01
Social Media Platforms,2022-07-03,Reddit,30,2022-07-01
Social Media Platforms,2022-07-10,Facebook,71,2022-07-01
Social Media Platforms,2022-07-10,Instagram,24,2022-07-01
Social Media Platforms,2022-07-10,TikTok,9,2022-07-01
Social Media Platforms,2022-07-10,Snapchat,4,2022-07-01
Social Media Platforms,2022-07-10,Reddit,30,2022-07-01
Social Media Platforms,2022-07-17,Facebook,72,2022-07-01
Social Media Platforms,2022-07-17,Instagram,24,2022-07-01
Social Media Platforms,2022-07-17,TikTok,10,2022-07-01
Social Media Platforms,2022-07-17,Snapchat,3,2022-07-01
Social Media Platforms,2022-07-17,Reddit,28,2022-07-01
Social Media Platforms,2022-07-24,Facebook,72,2022-07-01
Social Media Platforms,2022-07-24,Instagram,25,2022-07-01
Social Media Platforms,2022-07-24,TikTok,9,2022-07-01
Social Media Platforms,2022-07-24,Snapchat,4,2022-07-01
Social Media Platforms,2022-07-24,Reddit,29,2022-07-01
Social Media Platforms,2022-07-31,Facebook,70,2022-07-01
Social Media Platforms,2022-07-31,Instagram,24,2022-07-01
Social Media Platforms,2022-07-31,TikTok,9,2022-07-01
Social Media Platforms,2022-07-31,Snapchat,4,2022-07-01
Social Media Platforms,2022-07-31,Reddit,29,2022-07-01
Social Media Platforms,2022-08-07,Facebook,70,2022-08-01
Social Media Platforms,2022-08-07,Instagram,24,2022-08-01
Social Media Platforms,2022-08-07,TikTok,9,2022-08-01
Social Media Platforms,2022-08-07,Snapchat,4,2022-08-01
Social Media Platforms,2022-08-07,Reddit,30,2022-08-01
Social Media Platforms,2022-08-14,Facebook,74,2022-08-01
Social Media Platforms,2022-08-14,Instagram,23,2022-08-01
Social Media Platforms,2022-08-14,TikTok,9,2022-08-01
Social Media Platforms,2022-08-14,Snapchat,4,2022-08-01
Social Media Platforms,2022-08-14,Reddit,30,2022-08-01
Social Media Platforms,2022-08-21,Facebook,73,2022-08-01
Social Media Platforms,2022-08-21,Instagram,23,2022-08-01
Social Media Platforms,2022-08-21,TikTok,9,2022-08-01
Social Media Platforms,2022-08-21,Snapchat,4,2022-08-01
Social Media Platforms,2022-08-21,Reddit,30,2022-08-01
Social Media Platforms,2022-08-28,Facebook,71,2022-08-01
Social Media Platforms,2022-08-28,Instagram,23,2022-08-01
Social Media Platforms,2022-08-28,TikTok,9,2022-08-01
Social Media Platforms,2022-08-28,Snapchat,4,2022-08-01
Social Media Platforms,2022-08-28,Reddit,31,2022-08-01
Social Media Platforms,2022-09-04,Facebook,71,2022-09-01
Social Media Platforms,2022-09-04,Instagram,22,2022-09-01
Social Media Platforms,2022-09-04,TikTok,8,2022-09-01
Social Media Platforms,2022-09-04,Snapchat,3,2022-09-01
Social Media Platforms,2022-09-04,Reddit,32,2022-09-01
Social Media Platforms,2022-09-11,Facebook,70,2022-09-01
Social Media Platforms,2022-09-11,Instagram,22,2022-09-01
Social Media Platforms,2022-09-11,TikTok,8,2022-09-01
Social Media Platforms,2022-09-11,Snapchat,4,2022-09-01
Social Media Platforms,2022-09-11,Reddit,31,2022-09-01
Social Media Platforms,2022-09-18,Facebook,74,2022-09-01
Social Media Platforms,2022-09-18,Instagram,24,2022-09-01
Social Media Platforms,2022-09-18,TikTok,9,2022-09-01
Social Media Platforms,2022-09-18,Snapchat,4,2022-09-01
Social Media Platforms,2022-09-18,Reddit,33,2022-09-01
Social Media Platforms,2022-09-25,Facebook,70,2022-09-01
Social Media Platforms,2022-09-25,Instagram,24,2022-09-01
Social Media Platforms,2022-09-25,TikTok,9,2022-09-01
Social Media Platforms,2022-09-25,Snapchat,6,2022-09-01
Social Media Platforms,2022-09-25,Reddit,31,2022-09-01
Social Media Platforms,2022-10-02,Facebook,70,2022-10-01
Social Media Platforms,2022-10-02,Instagram,24,2022-10-01
Social Media Platforms,2022-10-02,TikTok,9,2022-10-01
Social Media Platforms,2022-10-02,Snapchat,4,2022-10-01
Social Media Platforms,2022-10-02,Reddit,31,2022-10-01
Social Media Platforms,2022-10-09,Facebook,76,2022-10-01
Social Media Platforms,2022-10-09,Instagram,22,2022-10-01
Social Media Platforms,2022-10-09,TikTok,8,2022-10-01
Social Media Platforms,2022-10-09,Snapchat,4,2022-10-01
Social Media Platforms,2022-10-09,Reddit,32,2022-10-01
Social Media Platforms,2022-10-16,Facebook,70,2022-10-01
Social Media Platforms,2022-10-16,Instagram,21,2022-10-01
Social Media Platforms,2022-10-16,TikTok,8,2022-10-01
Social Media Platforms,2022-10-16,Snapchat,4,2022-10-01
Social Media Platforms,2022-10-16,Reddit,30,2022-10-01
Social Media Platforms,2022-10-23,Facebook,70,2022-10-01
Social Media Platforms,2022-10-23,Instagram,22,2022-10-01
Social Media Platforms,2022-10-23,TikTok,8,2022-10-01
Social Media Platforms,2022-10-23,Snapchat,3,2022-10-01
Social Media Platforms,2022-10-23,Reddit,33,2022-10-01
Social Media Platforms,2022-10-30,Facebook,73,2022-10-01
Social Media Platforms,2022-10-30,Instagram,25,2022-10-01
Social Media Platforms,2022-10-30,TikTok,9,2022-10-01
Social Media Platforms,2022-10-30,Snapchat,3,2022-10-01
Social Media Platforms,2022-10-30,Reddit,32,2022-10-01
Social Media Platforms,2022-11-06,Facebook,72,2022-11-01
Social Media Platforms,2022-11-06,Instagram,23,2022-11-01
Social Media Platforms,2022-11-06,TikTok,8,2022-11-01
Social Media Platforms,2022-11-06,Snapchat,3,2022-11-01
Social Media Platforms,2022-11-06,Reddit,30,2022-11-01
Social Media Platforms,2022-11-13,Facebook,68,2022-11-01
Social Media Platforms,2022-11-13,Instagram,22,2022-11-01
Social Media Platforms,2022-11-13,TikTok,9,2022-11-01
Social Media Platforms,2022-11-13,Snapchat,4,2022-11-01
Social Media Platforms,2022-11-13,Reddit,31,2022-11-01
Social Media Platforms,2022-11-20,Facebook,69,2022-11-01
Social Media Platforms,2022-11-20,Instagram,21,2022-11-01
Social Media Platforms,2022-11-20,TikTok,8,2022-11-01
Social Media Platforms,2022-11-20,Snapchat,4,2022-11-01
Social Media Platforms,2022-11-20,Reddit,31,2022-11-01
Social Media Platforms,2022-11-27,Facebook,70,2022-11-01
Social Media Platforms,2022-11-27,Instagram,21,2022-11-01
Social Media Platforms,2022-11-27,TikTok,8,2022-11-01
Social Media Platforms,2022-11-27,Snapchat,4,2022-11-01
Social Media Platforms,2022-11-27,Reddit,32,2022-11-01
Social Media Platforms,2022-12-04,Facebook,70,2022-12-01
Social Media Platforms,2022-12-04,Instagram,21,2022-12-01
Social Media Platforms,2022-12-04,TikTok,8,2022-12-01
Social Media Platforms,2022-12-04,Snapchat,4,2022-12-01
Social Media Platforms,2022-12-04,Reddit,31,2022-12-01
Social Media Platforms,2022-12-11,Facebook,70,2022-12-01
Social Media Platforms,2022-12-11,Instagram,22,2022-12-01
Social Media Platforms,2022-12-11,TikTok,9,2022-12-01
Social Media Platforms,2022-12-11,Snapchat,3,2022-12-01
Social Media Platforms,2022-12-11,Reddit,31,2022-12-01
Social Media Platforms,2022-12-18,Facebook,71,2022-12-01
Social Media Platforms,2022-12-18,Instagram,22,2022-12-01
Social Media Platforms,2022-12-18,TikTok,8,2022-12-01
Social Media Platforms,2022-12-18,Snapchat,4,2022-12-01
Social Media Platforms,2022-12-18,Reddit,33,2022-12-01
Social Media Platforms,2022-12-25,Facebook,71,2022-12-01
Social Media Platforms,2022-12-25,Instagram,24,2022-12-01
Social Media Platforms,2022-12-25,TikTok,9,2022-12-01
Social Media Platforms,2022-12-25,Snapchat,4,2022-12-01
Social Media Platforms,2022-12-25,Reddit,34,2022-12-01
Social Media Platforms,2023-01-01,Facebook,71,2023-01-01
Social Media Platforms,2023-01-01,Instagram,23,2023-01-01
Social Media Platforms,2023-01-01,TikTok,9,2023-01-01
Social Media Platforms,2023-01-01,Snapchat,4,2023-01-01
Social Media Platforms,2023-01-01,Reddit,36,2023-01-01
Social Media Platforms,2023-01-08,Facebook,70,2023-01-01
Social Media Platforms,2023-01-08,Instagram,24,2023-01-01
Social Media Platforms,2023-01-08,TikTok,8,2023-01-01
Social Media Platforms,2023-01-08,Snapchat,3,2023-01-01
Social Media Platforms,2023-01-08,Reddit,35,2023-01-01
Social Media Platforms,2023-01-15,Facebook,71,2023-01-01
Social Media Platforms,2023-01-15,Instagram,22,2023-01-01
Social Media Platforms,2023-01-15,TikTok,9,2023-01-01
Social Media Platforms,2023-01-15,Snapchat,4,2023-01-01
Social Media Platforms,2023-01-15,Reddit,34,2023-01-01
Social Media Platforms,2023-01-22,Facebook,69,2023-01-01
Social Media Platforms,2023-01-22,Instagram,23,2023-01-01
Social Media Platforms,2023-01-22,TikTok,8,2023-01-01
Social Media Platforms,2023-01-22,Snapchat,4,2023-01-01
Social Media Platforms,2023-01-22,Reddit,34,2023-01-01
Social Media Platforms,2023-01-29,Facebook,70,2023-01-01
Social Media Platforms,2023-01-29,Instagram,23,2023-01-01
Social Media Platforms,2023-01-29,TikTok,9,2023-01-01
Social Media Platforms,2023-01-29,Snapchat,4,2023-01-01
Social Media Platforms,2023-01-29,Reddit,33,2023-01-01
Social Media Platforms,2023-02-05,Facebook,71,2023-02-01
Social Media Platforms,2023-02-05,Instagram,22,2023-02-01
Social Media Platforms,2023-02-05,TikTok,8,2023-02-01
Social Media Platforms,2023-02-05,Snapchat,4,2023-02-01
Social Media Platforms,2023-02-05,Reddit,33,2023-02-01
Social Media Platforms,2023-02-12,Facebook,72,2023-02-01
Social Media Platforms,2023-02-12,Instagram,23,2023-02-01
Social Media Platforms,2023-02-12,TikTok,8,2023-02-01
Social Media Platforms,2023-02-12,Snapchat,4,2023-02-01
Social Media Platforms,2023-02-12,Reddit,34,2023-02-01
Social Media Platforms,2023-02-19,Facebook,72,2023-02-01
Social Media Platforms,2023-02-19,Instagram,23,2023-02-01
Social Media Platforms,2023-02-19,TikTok,8,2023-02-01
Social Media Platforms,2023-02-19,Snapchat,4,2023-02-01
Social Media Platforms,2023-02-19,Reddit,32,2023-02-01
Social Media Platforms,2023-02-26,Facebook,71,2023-02-01
Social Media Platforms,2023-02-26,Instagram,24,2023-02-01
Social Media Platforms,2023-02-26,TikTok,9,2023-02-01
Social Media Platforms,2023-02-26,Snapchat,4,2023-02-01
Social Media Platforms,2023-02-26,Reddit,33,2023-02-01
Social Media Platforms,2023-03-05,Facebook,70,2023-03-01
Social Media Platforms,2023-03-05,Instagram,23,2023-03-01
Social Media Platforms,2023-03-05,TikTok,9,2023-03-01
Social Media Platforms,2023-03-05,Snapchat,4,2023-03-01
Social Media Platforms,2023-03-05,Reddit,34,2023-03-01
Social Media Platforms,2023-03-12,Facebook,68,2023-03-01
Social Media Platforms,2023-03-12,Instagram,23,2023-03-01
Social Media Platforms,2023-03-12,TikTok,8,2023-03-01
Social Media Platforms,2023-03-12,Snapchat,4,2023-03-01
Social Media Platforms,2023-03-12,Reddit,34,2023-03-01
Social Media Platforms,2023-03-19,Facebook,67,2023-03-01
Social Media Platforms,2023-03-19,Instagram,23,2023-03-01
Social Media Platforms,2023-03-19,TikTok,10,2023-03-01
Social Media Platforms,2023-03-19,Snapchat,4,2023-03-01
Social Media Platforms,2023-03-19,Reddit,32,2023-03-01
Social Media Platforms,2023-03-26,Facebook,69,2023-03-01
Social Media Platforms,2023-03-26,Instagram,23,2023-03-01
Social Media Platforms,2023-03-26,TikTok,9,2023-03-01
Social Media Platforms,2023-03-26,Snapchat,4,2023-03-01
Social Media Platforms,2023-03-26,Reddit,32,2023-03-01
Social Media Platforms,2023-04-02,Facebook,66,2023-04-01
Social Media Platforms,2023-04-02,Instagram,22,2023-04-01
Social Media Platforms,2023-04-02,TikTok,9,2023-04-01
Social Media Platforms,2023-04-02,Snapchat,4,2023-04-01
Social Media Platforms,2023-04-02,Reddit,34,2023-04-01
Social Media Platforms,2023-04-09,Facebook,70,2023-04-01
Social Media Platforms,2023-04-09,Instagram,23,2023-04-01
Social Media Platforms,2023-04-09,TikTok,9,2023-04-01
Social Media Platforms,2023-04-09,Snapchat,9,2023-04-01
Social Media Platforms,2023-04-09,Reddit,34,2023-04-01
Social Media Platforms,2023-04-16,Facebook,70,2023-04-01
Social Media Platforms,2023-04-16,Instagram,22,2023-04-01
Social Media Platforms,2023-04-16,TikTok,8,2023-04-01
Social Media Platforms,2023-04-16,Snapchat,5,2023-04-01
Social Media Platforms,2023-04-16,Reddit,32,2023-04-01
Social Media Platforms,2023-04-23,Facebook,69,2023-04-01
Social Media Platforms,2023-04-23,Instagram,22,2023-04-01
Social Media Platforms,2023-04-23,TikTok,8,2023-04-01
Social Media Platforms,2023-04-23,Snapchat,5,2023-04-01
Social Media Platforms,2023-04-23,Reddit,34,2023-04-01
Social Media Platforms,2023-04-30,Facebook,65,2023-04-01
Social Media Platforms,2023-04-30,Instagram,22,2023-04-01
Social Media Platforms,2023-04-30,TikTok,8,2023-04-01
Social Media Platforms,2023-04-30,Snapchat,4,2023-04-01
Social Media Platforms,2023-04-30,Reddit,34,2023-04-01
Social Media Platforms,2023-05-07,Facebook,67,2023-05-01
Social Media Platforms,2023-05-07,Instagram,22,2023-05-01
Social Media Platforms,2023-05-07,TikTok,8,2023-05-01
Social Media Platforms,2023-05-07,Snapchat,4,2023-05-01
Social Media Platforms,2023-05-07,Reddit,35,2023-05-01
Social Media Platforms,2023-05-14,Facebook,69,2023-05-01
Social Media Platforms,2023-05-14,Instagram,23,2023-05-01
Social Media Platforms,2023-05-14,TikTok,8,2023-05-01
Social Media Platforms,2023-05-14,Snapchat,4,2023-05-01
Social Media Platforms,2023-05-14,Reddit,33,2023-05-01
Social Media Platforms,2023-05-21,Facebook,67,2023-05-01
Social Media Platforms,2023-05-21,Instagram,25,2023-05-01
Social Media Platforms,2023-05-21,TikTok,8,2023-05-01
Social Media Platforms,2023-05-21,Snapchat,4,2023-05-01
Social Media Platforms,2023-05-21,Reddit,33,2023-05-01
Social Media Platforms,2023-05-28,Facebook,68,2023-05-01
Social Media Platforms,2023-05-28,Instagram,22,2023-05-01
Social Media Platforms,2023-05-28,TikTok,9,2023-05-01
Social Media Platforms,2023-05-28,Snapchat,4,2023-05-01
Social Media Platforms,2023-05-28,Reddit,35,2023-05-01
Social Media Platforms,2023-06-04,Facebook,69,2023-06-01
Social Media Platforms,2023-06-04,Instagram,22,2023-06-01
Social Media Platforms,2023-06-04,TikTok,9,2023-06-01
Social Media Platforms,2023-06-04,Snapchat,4,2023-06-01
Social Media Platforms,2023-06-04,Reddit,37,2023-06-01
Social Media Platforms,2023-06-11,Facebook,63,2023-06-01
Social Media Platforms,2023-06-11,Instagram,22,2023-06-01
Social Media Platforms,2023-06-11,TikTok,9,2023-06-01
Social Media Platforms,2023-06-11,Snapchat,4,2023-06-01
Social Media Platforms,2023-06-11,Reddit,35,2023-06-01
Social Media Platforms,2023-06-18,Facebook,65,2023-06-01
Social Media Platforms,2023-06-18,Instagram,21,2023-06-01
Social Media Platforms,2023-06-18,TikTok,8,2023-06-01
Social Media Platforms,2023-06-18,Snapchat,4,2023-06-01
Social Media Platforms,2023-06-18,Reddit,34,2023-06-01
Social Media Platforms,2023-06-25,Facebook,68,2023-06-01
Social Media Platforms,2023-06-25,Instagram,21,2023-06-01
Social Media Platforms,2023-06-25,TikTok,9,2023-06-01
Social Media Platforms,2023-06-25,Snapchat,3,2023-06-01
Social Media Platforms,2023-06-25,Reddit,34,2023-06-01
Social Media Platforms,2023-07-02,Facebook,64,2023-07-01
Social Media Platforms,2023-07-02,Instagram,23,2023-07-01
Social Media Platforms,2023-07-02,TikTok,9,2023-07-01
Social Media Platforms,2023-07-02,Snapchat,3,2023-07-01
Social Media Platforms,2023-07-02,Reddit,36,2023-07-01
Social Media Platforms,2023-07-09,Facebook,69,2023-07-01
Social Media Platforms,2023-07-09,Instagram,22,2023-07-01
Social Media Platforms,2023-07-09,TikTok,9,2023-07-01
Social Media Platforms,2023-07-09,Snapchat,4,2023-07-01
Social Media Platforms,2023-07-09,Reddit,37,2023-07-01
Social Media Platforms,2023-07-16,Facebook,70,2023-07-01
Social Media Platforms,2023-07-16,Instagram,21,2023-07-01
Social Media Platforms,2023-07-16,TikTok,9,2023-07-01
Social Media Platforms,2023-07-16,Snapchat,4,2023-07-01
Social Media Platforms,2023-07-16,Reddit,36,2023-07-01
Social Media Platforms,2023-07-23,Facebook,63,2023-07-01
Social Media Platforms,2023-07-23,Instagram,21,2023-07-01
Social Media Platforms,2023-07-23,TikTok,8,2023-07-01
Social Media Platforms,2023-07-23,Snapchat,3,2023-07-01
Social Media Platforms,2023-07-23,Reddit,37,2023-07-01
Social Media Platforms,2023-07-30,Facebook,66,2023-07-01
Social Media Platforms,2023-07-30,Instagram,21,2023-07-01
Social Media Platforms,2023-07-30,TikTok,8,2023-07-01
Social Media Platforms,2023-07-30,Snapchat,3,2023-07-01
Social Media Platforms,2023-07-30,Reddit,34,2023-07-01
Social Media Platforms,2023-08-06,Facebook,68,2023-08-01
Social Media Platforms,2023-08-06,Instagram,22,2023-08-01
Social Media Platforms,2023-08-06,TikTok,9,2023-08-01
Social Media Platforms,2023-08-06,Snapchat,4,2023-08-01
Social Media Platforms,2023-08-06,Reddit,35,2023-08-01
Social Media Platforms,2023-08-13,Facebook,64,2023-08-01
Social Media Platforms,2023-08-13,Instagram,21,2023-08-01
Social Media Platforms,2023-08-13,TikTok,8,2023-08-01
Social Media Platforms,2023-08-13,Snapchat,4,2023-08-01
Social Media Platforms,2023-08-13,Reddit,37,2023-08-01
Social Media Platforms,2023-08-20,Facebook,65,2023-08-01
Social Media Platforms,2023-08-20,Instagram,21,2023-08-01
Social Media Platforms,2023-08-20,TikTok,8,2023-08-01
Social Media Platforms,2023-08-20,Snapchat,4,2023-08-01
Social Media Platforms,2023-08-20,Reddit,36,2023-08-01
Social Media Platforms,2023-08-27,Facebook,66,2023-08-01
Social Media Platforms,2023-08-27,Instagram,20,2023-08-01
Social Media Platforms,2023-08-27,TikTok,8,2023-08-01
Social Media Platforms,2023-08-27,Snapchat,4,2023-08-01
Social Media Platforms,2023-08-27,Reddit,37,2023-08-01
Social Media Platforms,2023-09-03,Facebook,64,2023-09-01
Social Media Platforms,2023-09-03,Instagram,21,2023-09-01
Social Media Platforms,2023-09-03,TikTok,8,2023-09-01
Social Media Platforms,2023-09-03,Snapchat,3,2023-09-01
Social Media Platforms,2023-09-03,Reddit,36,2023-09-01
Social Media Platforms,2023-09-10,Facebook,66,2023-09-01
Social Media Platforms,2023-09-10,Instagram,21,2023-09-01
Social Media Platforms,2023-09-10,TikTok,8,2023-09-01
Social Media Platforms,2023-09-10,Snapchat,3,2023-09-01
Social Media Platforms,2023-09-10,Reddit,36,2023-09-01
Social Media Platforms,2023-09-17,Facebook,69,2023-09-01
Social Media Platforms,2023-09-17,Instagram,22,2023-09-01
Social Media Platforms,2023-09-17,TikTok,8,2023-09-01
Social Media Platforms,2023-09-17,Snapchat,4,2023-09-01
Social Media Platforms,2023-09-17,Reddit,37,2023-09-01
Social Media Platforms,2023-09-24,Facebook,66,2023-09-01
Social Media Platforms,2023-09-24,Instagram,21,2023-09-01
Social Media Platforms,2023-09-24,TikTok,8,2023-09-01
Social Media Platforms,2023-09-24,Snapchat,4,2023-09-01
Social Media Platforms,2023-09-24,Reddit,36,2023-09-01
Social Media Platforms,2023-10-01,Facebook,67,2023-10-01
Social Media Platforms,2023-10-01,Instagram,21,2023-10-01
Social Media Platforms,2023-10-01,TikTok,8,2023-10-01
Social Media Platforms,2023-10-01,Snapchat,4,2023-10-01
Social Media Platforms,2023-10-01,Reddit,40,2023-10-01
Social Media Platforms,2023-10-08,Facebook,66,2023-10-01
Social Media Platforms,2023-10-08,Instagram,21,2023-10-01
Social Media Platforms,2023-10-08,TikTok,8,2023-10-01
Social Media Platforms,2023-10-08,Snapchat,3,2023-10-01
Social Media Platforms,2023-10-08,Reddit,37,2023-10-01
Social Media Platforms,2023-10-15,Facebook,69,2023-10-01
Social Media Platforms,2023-10-15,Instagram,20,2023-10-01
Social Media Platforms,2023-10-15,TikTok,8,2023-10-01
Social Media Platforms,2023-10-15,Snapchat,4,2023-10-01
Social Media Platforms,2023-10-15,Reddit,37,2023-10-01
Social Media Platforms,2023-10-22,Facebook,63,2023-10-01
Social Media Platforms,2023-10-22,Instagram,21,2023-10-01
Social Media Platforms,2023-10-22,TikTok,8,2023-10-01
Social Media Platforms,2023-10-22,Snapchat,4,2023-10-01
Social Media Platforms,2023-10-22,Reddit,39,2023-10-01
Social Media Platforms,2023-10-29,Facebook,61,2023-10-01
Social Media Platforms,2023-10-29,Instagram,21,2023-10-01
Social Media Platforms,2023-10-29,TikTok,8,2023-10-01
Social Media Platforms,2023-10-29,Snapchat,4,2023-10-01
Social Media Platforms,2023-10-29,Reddit,40,2023-10-01
Social Media Platforms,2023-11-05,Facebook,66,2023-11-01
Social Media Platforms,2023-11-05,Instagram,22,2023-11-01
Social Media Platforms,2023-11-05,TikTok,8,2023-11-01
Social Media Platforms,2023-11-05,Snapchat,4,2023-11-01
Social Media Platforms,2023-11-05,Reddit,38,2023-11-01
Social Media Platforms,2023-11-12,Facebook,64,2023-11-01
Social Media Platforms,2023-11-12,Instagram,21,2023-11-01
Social Media Platforms,2023-11-12,TikTok,8,2023-11-01
Social Media Platforms,2023-11-12,Snapchat,4,2023-11-01
Social Media Platforms,2023-11-12,Reddit,39,2023-11-01
Social Media Platforms,2023-11-19,Facebook,62,2023-11-01
Social Media Platforms,2023-11-19,Instagram,19,2023-11-01
Social Media Platforms,2023-11-19,TikTok,7,2023-11-01
Social Media Platforms,2023-11-19,Snapchat,3,2023-11-01
Social Media Platforms,2023-11-19,Reddit,37,2023-11-01
Social Media Platforms,2023-11-26,Facebook,67,2023-11-01
Social Media Platforms,2023-11-26,Instagram,20,2023-11-01
Social Media Platforms,2023-11-26,TikTok,8,2023-11-01
Social Media Platforms,2023-11-26,Snapchat,4,2023-11-01
Social Media Platforms,2023-11-26,Reddit,36,2023-11-01
Social Media Platforms,2023-12-03,Facebook,63,2023-12-01
Social Media Platforms,2023-12-03,Instagram,20,2023-12-01
Social Media Platforms,2023-12-03,TikTok,8,2023-12-01
Social Media Platforms,2023-12-03,Snapchat,4,2023-12-01
Social Media Platforms,2023-12-03,Reddit,40,2023-12-01
Social Media Platforms,2023-12-10,Facebook,67,2023-12-01
Social Media Platforms,2023-12-10,Instagram,21,2023-12-01
Social Media Platforms,2023-12-10,TikTok,8,2023-12-01
Social Media Platforms,2023-12-10,Snapchat,4,2023-12-01
Social Media Platforms,2023-12-10,Reddit,37,2023-12-01
Social Media Platforms,2023-12-17,Facebook,65,2023-12-01
Social Media Platforms,2023-12-17,Instagram,20,2023-12-01
Social Media Platforms,2023-12-17,TikTok,8,2023-12-01
Social Media Platforms,2023-12-17,Snapchat,4,2023-12-01
Social Media Platforms,2023-12-17,Reddit,39,2023-12-01
Social Media Platforms,2023-12-24,Facebook,67,2023-12-01
Social Media Platforms,2023-12-24,Instagram,21,2023-12-01
Social Media Platforms,2023-12-24,TikTok,7,2023-12-01
Social Media Platforms,2023-12-24,Snapchat,4,2023-12-01
Social Media Platforms,2023-12-24,Reddit,42,2023-12-01
Social Media Platforms,2023-12-31,Facebook,67,2023-12-01
Social Media Platforms,2023-12-31,Instagram,22,2023-12-01
Social Media Platforms,2023-12-31,TikTok,8,2023-12-01
Social Media Platforms,2023-12-31,Snapchat,4,2023-12-01
Social Media Platforms,2023-12-31,Reddit,43,2023-12-01
Social Media Platforms,2024-01-07,Facebook,67,2024-01-01
Social Media Platforms,2024-01-07,Instagram,22,2024-01-01
Social Media Platforms,2024-01-07,TikTok,8,2024-01-01
Social Media Platforms,2024-01-07,Snapchat,4,2024-01-01
Social Media Platforms,2024-01-07,Reddit,43,2024-01-01
Social Media Platforms,2024-01-14,Facebook,64,2024-01-01
Social Media Platforms,2024-01-14,Instagram,20,2024-01-01
Social Media Platforms,2024-01-14,TikTok,7,2024-01-01
Social Media Platforms,2024-01-14,Snapchat,3,2024-01-01
Social Media Platforms,2024-01-14,Reddit,40,2024-01-01
Social Media Platforms,2024-01-21,Facebook,62,2024-01-01
Social Media Platforms,2024-01-21,Instagram,21,2024-01-01
Social Media Platforms,2024-01-21,TikTok,8,2024-01-01
Social Media Platforms,2024-01-21,Snapchat,3,2024-01-01
Social Media Platforms,2024-01-21,Reddit,40,2024-01-01
Social Media Platforms,2024-01-28,Facebook,58,2024-01-01
Social Media Platforms,2024-01-28,Instagram,21,2024-01-01
Social Media Platforms,2024-01-28,TikTok,8,2024-01-01
Social Media Platforms,2024-01-28,Snapchat,4,2024-01-01
Social Media Platforms,2024-01-28,Reddit,41,2024-01-01
Social Media Platforms,2024-02-04,Facebook,56,2024-02-01
Social Media Platforms,2024-02-04,Instagram,20,2024-02-01
Social Media Platforms,2024-02-04,TikTok,8,2024-02-01
Social Media Platforms,2024-02-04,Snapchat,4,2024-02-01
Social Media Platforms,2024-02-04,Reddit,42,2024-02-01
Social Media Platforms,2024-02-11,Facebook,56,2024-02-01
Social Media Platforms,2024-02-11,Instagram,20,2024-02-01
Social Media Platforms,2024-02-11,TikTok,8,2024-02-01
Social Media Platforms,2024-02-11,Snapchat,4,2024-02-01
Social Media Platforms,2024-02-11,Reddit,38,2024-02-01
Social Media Platforms,2024-02-18,Facebook,60,2024-02-01
Social Media Platforms,2024-02-18,Instagram,21,2024-02-01
Social Media Platforms,2024-02-18,TikTok,9,2024-02-01
Social Media Platforms,2024-02-18,Snapchat,4,2024-02-01
Social Media Platforms,2024-02-18,Reddit,39,2024-02-01
Social Media Platforms,2024-02-25,Facebook,56,2024-02-01
Social Media Platforms,2024-02-25,Instagram,20,2024-02-01
Social Media Platforms,2024-02-25,TikTok,7,2024-02-01
Social Media Platforms,2024-02-25,Snapchat,4,2024-02-01
Social Media Platforms,2024-02-25,Reddit,39,2024-02-01
Social Media Platforms,2024-03-03,Facebook,62,2024-03-01
Social Media Platforms,2024-03-03,Instagram,22,2024-03-01
Social Media Platforms,2024-03-03,TikTok,8,2024-03-01
Social Media Platforms,2024-03-03,Snapchat,4,2024-03-01
Social Media Platforms,2024-03-03,Reddit,40,2024-03-01
Social Media Platforms,2024-03-10,Facebook,57,2024-03-01
Social Media Platforms,2024-03-10,Instagram,20,2024-03-01
Social Media Platforms,2024-03-10,TikTok,9,2024-03-01
Social Media Platforms,2024-03-10,Snapchat,4,2024-03-01
Social Media Platforms,2024-03-10,Reddit,41,2024-03-01
Social Media Platforms,2024-03-17,Facebook,57,2024-03-01
Social Media Platforms,2024-03-17,Instagram,22,2024-03-01
Social Media Platforms,2024-03-17,TikTok,8,2024-03-01
Social Media Platforms,2024-03-17,Snapchat,4,2024-03-01
Social Media Platforms,2024-03-17,Reddit,40,2024-03-01
Social Media Platforms,2024-03-24,Facebook,55,2024-03-01
Social Media Platforms,2024-03-24,Instagram,20,2024-03-01
Social Media Platforms,2024-03-24,TikTok,8,2024-03-01
Social Media Platforms,2024-03-24,Snapchat,4,2024-03-01
Social Media Platforms,2024-03-24,Reddit,41,2024-03-01
Social Media Platforms,2024-03-31,Facebook,54,2024-03-01
Social Media Platforms,2024-03-31,Instagram,19,2024-03-01
Social Media Platforms,2024-03-31,TikTok,8,2024-03-01
Social Media Platforms,2024-03-31,Snapchat,4,2024-03-01
Social Media Platforms,2024-03-31,Reddit,43,2024-03-01
Social Media Platforms,2024-04-07,Facebook,56,2024-04-01
Social Media Platforms,2024-04-07,Instagram,20,2024-04-01
Social Media Platforms,2024-04-07,TikTok,8,2024-04-01
Social Media Platforms,2024-04-07,Snapchat,4,2024-04-01
Social Media Platforms,2024-04-07,Reddit,40,2024-04-01
Social Media Platforms,2024-04-14,Facebook,55,2024-04-01
Social Media Platforms,2024-04-14,Instagram,19,2024-04-01
Social Media Platforms,2024-04-14,TikTok,8,2024-04-01
Social Media Platforms,2024-04-14,Snapchat,4,2024-04-01
Social Media Platforms,2024-04-14,Reddit,42,2024-04-01
Social Media Platforms,2024-04-21,Facebook,55,2024-04-01
Social Media Platforms,2024-04-21,Instagram,19,2024-04-01
Social Media Platforms,2024-04-21,TikTok,9,2024-04-01
Social Media Platforms,2024-04-21,Snapchat,4,2024-04-01
Social Media Platforms,2024-04-21,Reddit,42,2024-04-01
Social Media Platforms,2024-04-28,Facebook,55,2024-04-01
Social Media Platforms,2024-04-28,Instagram,19,2024-04-01
Social Media Platforms,2024-04-28,TikTok,8,2024-04-01
Social Media Platforms,2024-04-28,Snapchat,4,2024-04-01
Social Media Platforms,2024-04-28,Reddit,41,2024-04-01
Social Media Platforms,2024-05-05,Facebook,53,2024-05-01
Social Media Platforms,2024-05-05,Instagram,19,2024-05-01
Social Media Platforms,2024-05-05,TikTok,8,2024-05-01
Social Media Platforms,2024-05-05,Snapchat,4,2024-05-01
Social Media Platforms,2024-05-05,Reddit,40,2024-05-01
Social Media Platforms,2024-05-12,Facebook,54,2024-05-01
Social Media Platforms,2024-05-12,Instagram,18,2024-05-01
Social Media Platforms,2024-05-12,TikTok,8,2024-05-01
Social Media Platforms,2024-05-12,Snapchat,4,2024-05-01
Social Media Platforms,2024-05-12,Reddit,42,2024-05-01
Social Media Platforms,2024-05-19,Facebook,52,2024-05-01
Social Media Platforms,2024-05-19,Instagram,21,2024-05-01
Social Media Platforms,2024-05-19,TikTok,9,2024-05-01
Social Media Platforms,2024-05-19,Snapchat,4,2024-05-01
Social Media Platforms,2024-05-19,Reddit,43,2024-05-01
Social Media Platforms,2024-05-26,Facebook,53,2024-05-01
Social Media Platforms,2024-05-26,Instagram,19,2024-05-01
Social Media Platforms,2024-05-26,TikTok,8,2024-05-01
Social Media Platforms,2024-05-26,Snapchat,4,2024-05-01
Social Media Platforms,2024-05-26,Reddit,41,2024-05-01
Social Media Platforms,2024-06-02,Facebook,51,2024-06-01
Social Media Platforms,2024-06-02,Instagram,19,2024-06-01
Social Media Platforms,2024-06-02,TikTok,8,2024-06-01
Social Media Platforms,2024-06-02,Snapchat,4,2024-06-01
Social Media Platforms,2024-06-02,Reddit,42,2024-06-01
Social Media Platforms,2024-06-09,Facebook,49,2024-06-01
Social Media Platforms,2024-06-09,Instagram,19,2024-06-01
Social Media Platforms,2024-06-09,TikTok,8,2024-06-01
Social Media Platforms,2024-06-09,Snapchat,4,2024-06-01
Social Media Platforms,2024-06-09,Reddit,44,2024-06-01
Social Media Platforms,2024-06-16,Facebook,50,2024-06-01
Social Media Platforms,2024-06-16,Instagram,19,2024-06-01
Social Media Platforms,2024-06-16,TikTok,8,2024-06-01
Social Media Platforms,2024-06-16,Snapchat,4,2024-06-01
Social Media Platforms,2024-06-16,Reddit,42,2024-06-01
Social Media Platforms,2024-06-23,Facebook,52,2024-06-01
Social Media Platforms,2024-06-23,Instagram,19,2024-06-01
Social Media Platforms,2024-06-23,TikTok,9,2024-06-01
Social Media Platforms,2024-06-23,Snapchat,4,2024-06-01
Social Media Platforms,2024-06-23,Reddit,42,2024-06-01
Social Media Platforms,2024-06-30,Facebook,51,2024-06-01
Social Media Platforms,2024-06-30,Instagram,18,2024-06-01
Social Media Platforms,2024-06-30,TikTok,7,2024-06-01
Social Media Platforms,2024-06-30,Snapchat,4,2024-06-01
Social Media Platforms,2024-06-30,Reddit,41,2024-06-01
Social Media Platforms,2024-07-07,Facebook,51,2024-07-01
Social Media Platforms,2024-07-07,Instagram,20,2024-07-01
Social Media Platforms,2024-07-07,TikTok,8,2024-07-01
Social Media Platforms,2024-07-07,Snapchat,4,2024-07-01
Social Media Platforms,2024-07-07,Reddit,43,2024-07-01
Social Media Platforms,2024-07-14,Facebook,52,2024-07-01
Social Media Platforms,2024-07-14,Instagram,19,2024-07-01
Social Media Platforms,2024-07-14,TikTok,7,2024-07-01
Social Media Platforms,2024-07-14,Snapchat,4,2024-07-01
Social Media Platforms,2024-07-14,Reddit,45,2024-07-01
Social Media Platforms,2024-07-21,Facebook,50,2024-07-01
Social Media Platforms,2024-07-21,Instagram,20,2024-07-01
Social Media Platforms,2024-07-21,TikTok,7,2024-07-01
Social Media Platforms,2024-07-21,Snapchat,4,2024-07-01
Social Media Platforms,2024-07-21,Reddit,43,2024-07-01
Social Media Platforms,2024-07-28,Facebook,48,2024-07-01
Social Media Platforms,2024-07-28,Instagram,19,2024-07-01
Social Media Platforms,2024-07-28,TikTok,8,2024-07-01
Social Media Platforms,2024-07-28,Snapchat,4,2024-07-01
Social Media Platforms,2024-07-28,Reddit,42,2024-07-01
Social Media Platforms,2024-08-04,Facebook,48,2024-08-01
Social Media Platforms,2024-08-04,Instagram,20,2024-08-01
Social Media Platforms,2024-08-04,TikTok,8,2024-08-01
Social Media Platforms,2024-08-04,Snapchat,4,2024-08-01
Social Media Platforms,2024-08-04,Reddit,42,2024-08-01
Social Media Platforms,2024-08-11,Facebook,49,2024-08-01
Social Media Platforms,2024-08-11,Instagram,19,2024-08-01
Social Media Platforms,2024-08-11,TikTok,8,2024-08-01
Social Media Platforms,2024-08-11,Snapchat,4,2024-08-01
Social Media Platforms,2024-08-11,Reddit,43,2024-08-01
Social Media Platforms,2024-08-18,Facebook,50,2024-08-01
Social Media Platforms,2024-08-18,Instagram,20,2024-08-01
Social Media Platforms,2024-08-18,TikTok,8,2024-08-01
Social Media Platforms,2024-08-18,Snapchat,4,2024-08-01
Social Media Platforms,2024-08-18,Reddit,44,2024-08-01
Social Media Platforms,2024-08-25,Facebook,53,2024-08-01
Social Media Platforms,2024-08-25,Instagram,19,2024-08-01
Social Media Platforms,2024-08-25,TikTok,8,2024-08-01
Social Media Platforms,2024-08-25,Snapchat,8,2024-08-01
Social Media Platforms,2024-08-25,Reddit,41,2024-08-01
Social Media Platforms,2024-09-01,Facebook,51,2024-09-01
Social Media Platforms,2024-09-01,Instagram,20,2024-09-01
Social Media Platforms,2024-09-01,TikTok,8,2024-09-01
Social Media Platforms,2024-09-01,Snapchat,4,2024-09-01
Social Media Platforms,2024-09-01,Reddit,44,2024-09-01
Social Media Platforms,2024-09-08,Facebook,52,2024-09-01
Social Media Platforms,2024-09-08,Instagram,20,2024-09-01
Social Media Platforms,2024-09-08,TikTok,8,2024-09-01
Social Media Platforms,2024-09-08,Snapchat,4,2024-09-01
Social Media Platforms,2024-09-08,Reddit,42,2024-09-01
Social Media Platforms,2024-09-15,Facebook,52,2024-09-01
Social Media Platforms,2024-09-15,Instagram,19,2024-09-01
Social Media Platforms,2024-09-15,TikTok,8,2024-09-01
Social Media Platforms,2024-09-15,Snapchat,4,2024-09-01
Social Media Platforms,2024-09-15,Reddit,42,2024-09-01
Social Media Platforms,2024-09-22,Facebook,49,2024-09-01
Social Media Platforms,2024-09-22,Instagram,20,2024-09-01
Social Media Platforms,2024-09-22,TikTok,8,2024-09-01
Social Media Platforms,2024-09-22,Snapchat,4,2024-09-01
Social Media Platforms,2024-09-22,Reddit,44,2024-09-01
Social Media Platforms,2024-09-29,Facebook,50,2024-09-01
Social Media Platforms,2024-09-29,Instagram,19,2024-09-01
Social Media Platforms,2024-09-29,TikTok,8,2024-09-01
Social Media Platforms,2024-09-29,Snapchat,4,2024-09-01
Social Media Platforms,2024-09-29,Reddit,45,2024-09-01
Social Media Platforms,2024-10-06,Facebook,46,2024-10-01
Social Media Platforms,2024-10-06,Instagram,20,2024-10-01
Social Media Platforms,2024-10-06,TikTok,8,2024-10-01
Social Media Platforms,2024-10-06,Snapchat,4,2024-10-01
Social Media Platforms,2024-10-06,Reddit,46,2024-10-01
Social Media Platforms,2024-10-13,Facebook,49,2024-10-01
Social Media Platforms,2024-10-13,Instagram,20,2024-10-01
Social Media Platforms,2024-10-13,TikTok,8,2024-10-01
Social Media Platforms,2024-10-13,Snapchat,4,2024-10-01
Social Media Platforms,2024-10-13,Reddit,46,2024-10-01
Social Media Platforms,2024-10-20,Facebook,44,2024-10-01
Social Media Platforms,2024-10-20,Instagram,20,2024-10-01
Social Media Platforms,2024-10-20,TikTok,9,2024-10-01
Social Media Platforms,2024-10-20,Snapchat,4,2024-10-01
Social Media Platforms,2024-10-20,Reddit,44,2024-10-01
Social Media Platforms,2024-10-27,Facebook,46,2024-10-01
Social Media Platforms,2024-10-27,Instagram,21,2024-10-01
Social Media Platforms,2024-10-27,TikTok,8,2024-10-01
Social Media Platforms,2024-10-27,Snapchat,4,2024-10-01
Social Media Platforms,2024-10-27,Reddit,47,2024-10-01
Social Media Platforms,2024-11-03,Facebook,46,2024-11-01
Social Media Platforms,2024-11-03,Instagram,19,2024-11-01
Social Media Platforms,2024-11-03,TikTok,8,2024-11-01
Social Media Platforms,2024-11-03,Snapchat,4,2024-11-01
Social Media Platforms,2024-11-03,Reddit,45,2024-11-01
Social Media Platforms,2024-11-10,Facebook,45,2024-11-01
Social Media Platforms,2024-11-10,Instagram,19,2024-11-01
Social Media Platforms,2024-11-10,TikTok,8,2024-11-01
Social Media Platforms,2024-11-10,Snapchat,4,2024-11-01
Social Media Platforms,2024-11-10,Reddit,43,2024-11-01
Social Media Platforms,2024-11-17,Facebook,45,2024-11-01
Social Media Platforms,2024-11-17,Instagram,18,2024-11-01
Social Media Platforms,2024-11-17,TikTok,8,2024-11-01
Social Media Platforms,2024-11-17,Snapchat,4,2024-11-01
Social Media Platforms,2024-11-17,Reddit,48,2024-11-01
Social Media Platforms,2024-11-24,Facebook,43,2024-11-01
Social Media Platforms,2024-11-24,Instagram,18,2024-11-01
Social Media Platforms,2024-11-24,TikTok,9,2024-11-01
Social Media Platforms,2024-11-24,Snapchat,4,2024-11-01
Social Media Platforms,2024-11-24,Reddit,45,2024-11-01
Social Media Platforms,2024-12-01,Facebook,44,2024-12-01
Social Media Platforms,2024-12-01,Instagram,17,2024-12-01
Social Media Platforms,2024-12-01,TikTok,9,2024-12-01
Social Media Platforms,2024-12-01,Snapchat,3,2024-12-01
Social Media Platforms,2024-12-01,Reddit,44,2024-12-01
Social Media Platforms,2024-12-08,Facebook,51,2024-12-01
Social Media Platforms,2024-12-08,Instagram,19,2024-12-01
Social Media Platforms,2024-12-08,TikTok,9,2024-12-01
Social Media Platforms,2024-12-08,Snapchat,4,2024-12-01
Social Media Platforms,2024-12-08,Reddit,45,2024-12-01
Social Media Platforms,2024-12-15,Facebook,49,2024-12-01
Social Media Platforms,2024-12-15,Instagram,17,2024-12-01
Social Media Platforms,2024-12-15,TikTok,8,2024-12-01
Social Media Platforms,2024-12-15,Snapchat,4,2024-12-01
Social Media Platforms,2024-12-15,Reddit,45,2024-12-01
Social Media Platforms,2024-12-22,Facebook,46,2024-12-01
Social Media Platforms,2024-12-22,Instagram,18,2024-12-01
Social Media Platforms,2024-12-22,TikTok,8,2024-12-01
Social Media Platforms,2024-12-22,Snapchat,4,2024-12-01
Social Media Platforms,2024-12-22,Reddit,49,2024-12-01
Social Media Platforms,2024-12-29,Facebook,47,2024-12-01
Social Media Platforms,2024-12-29,Instagram,20,2024-12-01
Social Media Platforms,2024-12-29,TikTok,9,2024-12-01
Social Media Platforms,2024-12-29,Snapchat,4,2024-12-01
Social Media Platforms,2024-12-29,Reddit,49,2024-12-01
Social Media Platforms,2025-01-05,Facebook,46,2025-01-01
Social Media Platforms,2025-01-05,Instagram,19,2025-01-01
Social Media Platforms,2025-01-05,TikTok,9,2025-01-01
Social Media Platforms,2025-01-05,Snapchat,4,2025-01-01
Social Media Platforms,2025-01-05,Reddit,50,2025-01-01
Social Media Platforms,2025-01-12,Facebook,46,2025-01-01
Social Media Platforms,2025-01-12,Instagram,20,2025-01-01
Social Media Platforms,2025-01-12,TikTok,18,2025-01-01
Social Media Platforms,2025-01-12,Snapchat,4,2025-01-01
Social Media Platforms,2025-01-12,Reddit,49,2025-01-01
Social Media Platforms,2025-01-19,Facebook,47,2025-01-01
Social Media Platforms,2025-01-19,Instagram,20,2025-01-01
Social Media Platforms,2025-01-19,TikTok,19,2025-01-01
Social Media Platforms,2025-01-19,Snapchat,4,2025-01-01
Social Media Platforms,2025-01-19,Reddit,45,2025-01-01
Social Media Platforms,2025-01-26,Facebook,48,2025-01-01
Social Media Platforms,2025-01-26,Instagram,21,2025-01-01
Social Media Platforms,2025-01-26,TikTok,10,2025-01-01
Social Media Platforms,2025-01-26,Snapchat,4,2025-01-01
Social Media Platforms,2025-01-26,Reddit,46,2025-01-01
Social Media Platforms,2025-02-02,Facebook,46,2025-02-01
Social Media Platforms,2025-02-02,Instagram,20,2025-02-01
Social Media Platforms,2025-02-02,TikTok,8,2025-02-01
Social Media Platforms,2025-02-02,Snapchat,4,2025-02-01
Social Media Platforms,2025-02-02,Reddit,48,2025-02-01
Social Media Platforms,2025-02-09,Facebook,47,2025-02-01
Social Media Platforms,2025-02-09,Instagram,20,2025-02-01
Social Media Platforms,2025-02-09,TikTok,8,2025-02-01
Social Media Platforms,2025-02-09,Snapchat,4,2025-02-01
Social Media Platforms,2025-02-09,Reddit,45,2025-02-01
Social Media Platforms,2025-02-16,Facebook,46,2025-02-01
Social Media Platforms,2025-02-16,Instagram,20,2025-02-01
Social Media Platforms,2025-02-16,TikTok,8,2025-02-01
Social Media Platforms,2025-02-16,Snapchat,4,2025-02-01
Social Media Platforms,2025-02-16,Reddit,45,2025-02-01
Social Media Platforms,2025-02-23,Facebook,46,2025-02-01
Social Media Platforms,2025-02-23,Instagram,20,2025-02-01
Social Media Platforms,2025-02-23,TikTok,8,2025-02-01
Social Media Platforms,2025-02-23,Snapchat,4,2025-02-01
Social Media Platforms,2025-02-23,Reddit,43,2025-02-01
Social Media Platforms,2025-03-02,Facebook,45,2025-03-01
Social Media Platforms,2025-03-02,Instagram,19,2025-03-01
Social Media Platforms,2025-03-02,TikTok,8,2025-03-01
Social Media Platforms,2025-03-02,Snapchat,4,2025-03-01
Social Media Platforms,2025-03-02,Reddit,44,2025-03-01
Social Media Platforms,2025-03-09,Facebook,46,2025-03-01
Social Media Platforms,2025-03-09,Instagram,19,2025-03-01
Social Media Platforms,2025-03-09,TikTok,9,2025-03-01
Social Media Platforms,2025-03-09,Snapchat,4,2025-03-01
Social Media Platforms,2025-03-09,Reddit,44,2025-03-01
Social Media Platforms,2025-03-16,Facebook,44,2025-03-01
Social Media Platforms,2025-03-16,Instagram,18,2025-03-01
Social Media Platforms,2025-03-16,TikTok,8,2025-03-01
Social Media Platforms,2025-03-16,Snapchat,4,2025-03-01
Social Media Platforms,2025-03-16,Reddit,44,2025-03-01
Social Media Platforms,2025-03-23,Facebook,44,2025-03-01
Social Media Platforms,2025-03-23,Instagram,19,2025-03-01
Social Media Platforms,2025-03-23,TikTok,9,2025-03-01
Social Media Platforms,2025-03-23,Snapchat,4,2025-03-01
Social Media Platforms,2025-03-23,Reddit,44,2025-03-01
Social Media Platforms,2025-03-30,Facebook,43,2025-03-01
Social Media Platforms,2025-03-30,Instagram,19,2025-03-01
Social Media Platforms,2025-03-30,TikTok,9,2025-03-01
Social Media Platforms,2025-03-30,Snapchat,4,2025-03-01
Social Media Platforms,2025-03-30,Reddit,41,2025-03-01
