category_name,brand_name,wave_date,consideration,preference,prompted_awareness,awareness_to_consideration,consideration_to_preference,awareness_to_preference,category_month_brand_count,share_of_prompted_awareness,share_of_consideration,share_of_preference,trend_index,share_of_search
Audio Content,Apple Music,2023-05-01,0.262955245205,0.070616704718,0.693766776089,0.3790254221849142,0.26855027996474146,0.10178738324151303,12,0.14207318348402023,0.10111178789821695,0.07520571333029308,1.0,0.009900990099009901
Audio Content,Apple Music,2023-06-01,0.24586684431,0.093390971454,0.604288327285,0.4068700870239415,0.3798436983892324,0.15454703861912275,12,0.12942376856611373,0.10478482481173841,0.09972163558993864,1.0,0.009925558312655087
Audio Content,Apple Music,2023-07-01,0.263482788997,0.080491610514,0.702652190887,0.37498323126892963,0.3054909613656643,0.11455398781634853,12,0.14191057132793894,0.10250099695377364,0.0849471352437477,1.0,0.00992063492063492
Audio Content,Apple Music,2023-08-01,0.326091380148,0.098139064571,0.679942333513,0.47958681799265457,0.30095571531654275,0.14433439386536395,12,0.14257119632079338,0.11408173912454007,0.10699828325079638,1.0,0.009876543209876543
Audio Content,Apple Music,2023-09-01,0.308914043491,0.104166226961,0.710948883697,0.43450949931114363,0.33720133207228187,0.14651718196577787,12,0.14333864299193472,0.11845347848534604,0.10979977516797265,1.0,0.009779951100244499
Audio Content,Apple Music,2023-10-01,0.285572937236,0.097051350391,0.626825647685,0.45558591657932535,0.33984785578892546,0.154829896877116,12,0.13689925506271175,0.11232989027651015,0.10669737701433922,1.0,0.00967117988394584
Audio Content,Apple Music,2023-11-01,0.285736555416,0.081398791776,0.66465767063,0.42990033522845345,0.2848735670432248,0.12246724196960765,12,0.14158524378847692,0.1046042418911207,0.08690550943946904,1.25,0.011904761904761904
Audio Content,Apple Music,2023-12-01,0.299326360487,0.079479452688,0.742130506313,0.40333385831838653,0.2655277422231974,0.10709632876145216,12,0.14063648806600101,0.104953842873357,0.08564052977011855,1.0,0.010351966873706004
Audio Content,Apple Music,2024-01-01,0.253542561822,0.078088468699,0.628993869382,0.40309226236356016,0.3079895861974533,0.12414821908474817,12,0.1387541968893237,0.1012759044269826,0.08457020964606377,1.0,0.010810810810810811
Audio Content,Apple Music,2024-02-01,0.245260681933,0.067682864064,0.692022381007,0.35441148821821,0.2759629612482669,0.09780444378910248,12,0.13918924279859934,0.09207663774060364,0.07117590669439883,1.0,0.010178117048346057
Audio Content,Apple Music,2024-03-01,0.277719879202,0.063133854971,0.712274000486,0.389905961768232,0.22732926124125058,0.08863703424233148,12,0.138344902947207,0.09902842351372491,0.06546066685461999,1.0,0.01
Audio Content,Apple Music,2024-04-01,0.29315487307,0.060963963289,0.691986671979,0.42364236905258845,0.20795821215785462,0.08809990966249434,12,0.13669046245443942,0.10362720155211542,0.06523703907048309,1.0,0.01015228426395939
Audio Content,Apple Music,2024-05-01,0.224340416428,0.048890192116,0.626057482354,0.3583383678835232,0.2179285966142033,0.0780921776258803,12,0.13176376490034764,0.08447900522913708,0.05214049876602427,1.25,0.012254901960784314
Audio Content,Apple Music,2024-06-01,0.278000357495,0.074310359772,0.694633822661,0.4002113752970414,0.2673031086779682,0.10697774474518418,12,0.14258277094946006,0.10319302495304587,0.0798336293593508,1.0,0.010224948875255624
Audio Content,Apple Music,2024-07-01,0.275025682002,0.061332886473,0.578492706022,0.4754177176981395,0.22300785158148972,0.10602188382763728,12,0.13617981390492684,0.11486980520282075,0.06730351470251586,1.0,0.0106951871657754
Audio Content,Apple Music,2024-08-01,0.243597398835,0.057926482086,0.633044876114,0.384802733623473,0.23779597960828938,0.0915045429979414,12,0.13696200975291678,0.09741398419216007,0.0605695311464276,1.0,0.010126582278481013
Audio Content,Apple Music,2024-09-01,0.245522865767,0.077563305937,0.614936401518,0.39926546088492243,0.31591072259073094,0.12613224025367706,12,0.13539505270299249,0.09276707053913795,0.08264637085331263,1.0,0.010224948875255624
Audio Content,Apple Music,2024-10-01,0.232180093266,0.067642000413,0.62172570812,0.37344457569251205,0.2913341943381214,0.1087971745893196,12,0.13411076531275473,0.09105369638290071,0.07088424472738399,1.0,0.0103359173126615
Audio Content,Apple Music,2024-11-01,0.283828423006,0.106395632999,0.642371231481,0.4418448540287643,0.37485897949251845,0.16562951107524337,12,0.13539413874630235,0.10915718003300162,0.11216692349079484,1.0,0.010256410256410256
Audio Content,Apple Music,2024-12-01,0.299672596736,0.091104905911,0.682604038596,0.4390138056498689,0.30401480450099316,0.1334666962978819,12,0.14064965289105402,0.10654565033545099,0.09471770151699715,1.2,0.011764705882352941
Audio Content,Apple Music,2025-01-01,0.230484974786,0.06572593129,0.684581588787,0.33668006642479664,0.28516362661394745,0.09600890875031974,12,0.1410064054078059,0.08745750455932122,0.07003483316655204,1.0,0.010610079575596816
Audio Content,Apple Music,2025-02-01,0.314544652843,0.101030010704,0.712190434911,0.4416580698423836,0.32119449429784946,0.1418581403955887,12,0.15130538086374373,0.11970245483644401,0.10652545093606461,1.0,0.009900990099009901
Audio Content,Apple Music,2025-03-01,0.276850346533,0.083198297861,0.642269008395,0.4310504522471604,0.3005172249299783,0.12953808571412875,12,0.13662457567943279,0.10701349620358944,0.08799239470726938,1.0,0.00984251968503937
Audio Content,Audible,2023-05-01,0.231094401917,0.02658593685,0.655365302188,0.3526192203729266,0.11504362126239916,0.04056659203842543,12,0.1342091291135445,0.08886062771967365,0.028313617200672492,1.0,0.009900990099009901
Audio Content,Audible,2023-06-01,0.200988349102,0.023966654934,0.656620749393,0.30609503170254626,0.11924400116265998,0.03649999631622287,12,0.14063209244329428,0.08565827169156459,0.025591274964040307,1.0,0.009925558312655087
Audio Content,Audible,2023-07-01,0.292373248437,0.05709851126,0.709166007589,0.4122775842443454,0.19529321360707003,0.08051501432523776,12,0.14322612895615808,0.11374006462238814,0.06025913666339478,1.0,0.00992063492063492
Audio Content,Audible,2023-08-01,0.284582012018,0.027390877703,0.67517172199,0.4214957510057196,0.09624950469907954,0.040568757267067074,12,0.1415708882674592,0.0995598560128739,0.029863509538887115,1.0,0.009876543209876543
Audio Content,Audible,2023-09-01,0.314154792544,0.048168034345,0.739919797903,0.4245795198808618,0.15332579826314016,0.06509899381191392,12,0.14917964172440284,0.12046305030079743,0.050773071999087906,1.0,0.009779951100244499
Audio Content,Audible,2023-10-01,0.253610845464,0.03540864737,0.629936722571,0.40259733458453134,0.13961803291660194,0.05620984791215931,12,0.13757871646623065,0.09975762661418189,0.03892794672906511,1.0,0.00967117988394584
Audio Content,Audible,2023-11-01,0.332265832535,0.047002831516,0.692850696238,0.47956339560473493,0.1414615254219642,0.06783976947878267,12,0.14759091645311326,0.12163797337041579,0.050182624690995645,1.0,0.009523809523809525
Audio Content,Audible,2023-12-01,0.327531728168,0.038211962859,0.746906094055,0.4385179486082511,0.11666644655384358,0.05116033081420565,12,0.1415414796850932,0.11484358904526326,0.04117407244419717,1.0,0.010351966873706004
Audio Content,Audible,2024-01-01,0.258442098108,0.046989581721,0.631227420576,0.40942786970846345,0.18181860488287627,0.07444160407056087,12,0.13924691171091516,0.10323299188824218,0.05088995652666327,1.0,0.010810810810810811
Audio Content,Audible,2024-02-01,0.288816025141,0.04380025237,0.697560529845,0.4140372237018281,0.1516545086049734,0.06279061170466818,12,0.1403031529327564,0.10842833963844899,0.04606073810544356,1.0,0.010178117048346057
Audio Content,Audible,2024-03-01,0.324277513262,0.015533441008,0.699911647068,0.46331206891674254,0.04790169028911283,0.022193431232457896,12,0.13594376436480005,0.11562978858970939,0.016105929336924736,1.0,0.01
Audio Content,Audible,2024-04-01,0.289270920928,0.027849752032,0.695111350073,0.41615047847747133,0.09627567106522901,0.04006516657953469,12,0.13730769066270623,0.10225426482681767,0.029801792130904146,1.0,0.01015228426395939
Audio Content,Audible,2024-05-01,0.286588271448,0.056895313505,0.693798512846,0.41307132566831106,0.19852631518217373,0.08200552819234545,12,0.1460209433023911,0.1079194398751379,0.060677814817364395,1.0,0.00980392156862745
Audio Content,Audible,2024-06-01,0.333346015034,0.028254655242,0.710340948427,0.4692760790042743,0.08476074099496325,0.03977618818761321,12,0.14580686606591814,0.12373719212940457,0.030354740324053702,1.0,0.010224948875255624
Audio Content,Audible,2024-07-01,0.254775956861,0.040454762546,0.597981912553,0.42605963744500186,0.15878563677839977,0.06765215083727877,12,0.14076766175662533,0.10641211512302516,0.04439294907472043,1.0,0.0106951871657754
Audio Content,Audible,2024-08-01,0.279416675855,0.056503068537,0.668290447496,0.4181066434541135,0.20221795411495624,0.08454867004116229,12,0.1445875422759844,0.11173802255253826,0.059081170586875516,1.0,0.010126582278481013
Audio Content,Audible,2024-09-01,0.32003635248,0.071814580804,0.674867525125,0.4742209997743222,0.22439507339556963,0.10641285605007944,12,0.14859052725822877,0.12092085514257207,0.07652090645315436,1.0,0.010224948875255624
Audio Content,Audible,2024-10-01,0.324407388617,0.055315489177,0.671828848804,0.4828720725442425,0.17051242085705468,0.08233568605378212,12,0.14491837782410183,0.1272223275130692,0.05796689406133912,1.0,0.0103359173126615
Audio Content,Audible,2024-11-01,0.328762527312,0.061728866471,0.67964888767,0.48372407176163723,0.18776126031060253,0.09082464135654135,12,0.14325124053860094,0.12643832496346558,0.065077267247343,1.0,0.010256410256410256
Audio Content,Audible,2024-12-01,0.331842836606,0.064911665141,0.660511255924,0.5024030001453641,0.19560966210661404,0.09827488109978386,12,0.13609746445014534,0.1179834633544912,0.0674857589974654,1.0,0.00980392156862745
Audio Content,Audible,2025-01-01,0.298085862781,0.026100939084,0.628867162591,0.4740044965185563,0.08756181470832126,0.04150469389506894,12,0.12953064985735857,0.11310865590021112,0.027812080838729762,1.0,0.010610079575596816
Audio Content,Audible,2025-02-01,0.292737957946,0.051940623302,0.662573105019,0.4418198621835177,0.17743043528226443,0.07839229046357163,12,0.14076414269380225,0.11140374466144336,0.05476588867595509,1.0,0.009900990099009901
Audio Content,Audible,2025-03-01,0.283761620935,0.056056678706,0.68283313348,0.41556510225101917,0.1975484863713851,0.08209425693845873,12,0.14525344661218242,0.10968497430084453,0.0592868066473884,1.0,0.00984251968503937
Audio Content,Spotify,2023-05-01,0.726825935683,0.490764053905,0.9174798123,0.7921982870238246,0.6752153848828026,0.5349044712762886,12,0.18788630734179246,0.27947976390586626,0.522656231244165,11.5,0.11386138613861387
Audio Content,Spotify,2023-06-01,0.672832823999,0.467741214137,0.890223363872,0.7558022529003662,0.6951819195695113,0.5254200609862378,12,0.19066405458395974,0.2867514316059204,0.4994478393400156,11.0,0.10918114143920596
Audio Content,Spotify,2023-07-01,0.653680923774,0.41882024265,0.893944700377,0.7312319470078245,0.6407105170393508,0.46850799884307437,12,0.18054480554019198,0.2542972413171989,0.4420035773668701,11.2,0.1111111111111111
Audio Content,Spotify,2023-08-01,0.723096854935,0.40507283191,0.915587692298,0.7897625328712378,0.5601916660893408,0.4424183891040765,12,0.1919816228430562,0.25297248497960956,0.44163960391686835,10.75,0.10617283950617284
Audio Content,Spotify,2023-09-01,0.661484098589,0.410036039332,0.922798402706,0.7168240610834112,0.6198728589343879,0.4443397800967325,12,0.1860508875281902,0.2536469095257997,0.4322117277635087,11.0,0.10757946210268948
Audio Content,Spotify,2023-10-01,0.665048939307,0.421874314623,0.899024121058,0.7397453791610724,0.6343507818576556,0.46925805964641415,12,0.19634763336630234,0.2615964772569748,0.46380480661679113,12.2,0.11798839458413925
Audio Content,Spotify,2023-11-01,0.695723210036,0.373267379414,0.907268640989,0.7668326431712691,0.5365170717743992,0.411418804255272,12,0.19326618407083154,0.25469474441560236,0.39851932758876296,14.25,0.1357142857142857
Audio Content,Spotify,2023-12-01,0.726437528855,0.411910039795,0.935066603299,0.776883193445325,0.5670274778400374,0.44051411775561644,12,0.17719859522970852,0.2547133173861201,0.4438404245705192,10.8,0.11180124223602486
Audio Content,Spotify,2024-01-01,0.675986624696,0.426680603496,0.87534206221,0.7722542465162912,0.6311968135284982,0.4874444196349343,12,0.19309788339388342,0.2700183996905968,0.46209726853086347,10.0,0.10810810810810811
Audio Content,Spotify,2024-02-01,0.73204159666,0.503080421322,0.905807631478,0.8081645276773974,0.6872292826218426,0.5553943285961581,12,0.18218872944998038,0.2748256604991795,0.5290438816822929,12.5,0.1272264631043257
Audio Content,Spotify,2024-03-01,0.720826038194,0.452168588728,0.933937977348,0.7718136061249482,0.627292251901568,0.4841526950343886,12,0.18139867346942345,0.2570297322435312,0.4688333598897684,12.0,0.12
Audio Content,Spotify,2024-04-01,0.729474584733,0.436625195455,0.922304513058,0.7909259625265721,0.5985475088413289,0.4734067645482099,12,0.18218592282011536,0.2578616859670007,0.46722905464702075,11.75,0.11928934010152284
Audio Content,Spotify,2024-05-01,0.764818400626,0.514001794917,0.908804236463,0.8415656198991959,0.6720573073245781,0.5655803244463931,12,0.19127232103910907,0.28800471486403095,0.5481735455245496,12.5,0.12254901960784313
Audio Content,Spotify,2024-06-01,0.709116684031,0.477183025244,0.921569033116,0.7694667014074266,0.6729259598454734,0.5177941186137229,12,0.18916422160315774,0.26322230780278133,0.5126506302861079,10.8,0.11042944785276075
Audio Content,Spotify,2024-07-01,0.624061060894,0.416732241578,0.827752383661,0.7539223966156281,0.6677747863021758,0.5034503672884253,12,0.19485667562077738,0.260651194382051,0.4573002537619751,10.75,0.11497326203208556
Audio Content,Spotify,2024-08-01,0.6864473736,0.459304870035,0.84768739668,0.8097883444870093,0.6691042717903116,0.5418328405422623,12,0.18340085177563797,0.2745085699618415,0.48026187038232865,11.5,0.11645569620253164
Audio Content,Spotify,2024-09-01,0.712110824934,0.413836569015,0.857797832864,0.8301616041117954,0.5811406799683957,0.4824406790971829,12,0.18886763330717282,0.2690602153162676,0.4409571013290291,11.2,0.11451942740286299
Audio Content,Spotify,2024-10-01,0.672529760177,0.447853183462,0.866490700482,0.7761534657012406,0.6659232200284068,0.5168586151159777,12,0.1869083575929547,0.26374492201390165,0.46931986731068415,11.75,0.12144702842377261
Audio Content,Spotify,2024-11-01,0.600887416458,0.387419592894,0.848803104491,0.707923207724756,0.6447457248775309,0.4564304617221247,12,0.17890428410498613,0.2310944591214692,0.4084346566685178,14.0,0.14358974358974358
Audio Content,Spotify,2024-12-01,0.698533850007,0.471895200727,0.86726309549,0.805446298406519,0.675550942480842,0.5441200060062295,12,0.17869840558925215,0.24835685391643736,0.4906083632140248,18.2,0.1784313725490196
Audio Content,Spotify,2025-01-01,0.70323408286,0.503035256852,0.921589347368,0.7630666357726371,0.7153169465367685,0.5458344959049672,12,0.18982397900116474,0.2668421143942365,0.5360135581050887,11.0,0.11671087533156499
Audio Content,Spotify,2025-02-01,0.672484528771,0.374604913218,0.882999946595,0.7615906788717443,0.5570461433553122,0.42424115048085914,12,0.1875939870477448,0.2559193049566711,0.39498122414662745,13.0,0.12871287128712872
Audio Content,Spotify,2025-03-01,0.712964788744,0.489283140899,0.893725226178,0.7977449532145146,0.6862655051464034,0.5474648432957528,12,0.190114777771558,0.2755887997577585,0.5174768759034781,12.8,0.12598425196850396
Audio Content,YouTube,2023-05-01,0.655706849158,0.246925503534,0.903122642043,0.726044081537688,0.3765791128323268,0.2734130361026241,12,0.18494617103873545,0.25213298865282024,0.2629718946370317,87.5,0.8663366336633663
Audio Content,YouTube,2023-06-01,0.643896850339,0.272713333449,0.875345698931,0.7355914938810431,0.42353574692191986,0.3115492927903184,12,0.18747762291353626,0.2744193461666278,0.29119966561343447,87.75,0.8709677419354839
Audio Content,YouTube,2023-07-01,0.585217888779,0.288686025603,0.870828137205,0.6720245520055297,0.49329665264559014,0.3315074619999801,12,0.17587608788809758,0.22766351177386812,0.3046659236071904,87.6,0.8690476190476191
Audio Content,YouTube,2023-08-01,0.720835661959,0.293795948108,0.905683739486,0.7959021792398455,0.4075768772448868,0.3243913248069764,12,0.18990494908542124,0.2521814158410104,0.3203175230068911,88.5,0.8740740740740741
Audio Content,YouTube,2023-09-01,0.677761084945,0.29919031628,0.899303510955,0.7536511052039184,0.44143920759965016,0.33269114668781835,12,0.18131394232993878,0.25988834041491654,0.3153712140526901,89.25,0.8728606356968215
Audio Content,YouTube,2023-10-01,0.635581656713,0.250346310174,0.83392015571,0.7621612841002332,0.3938853608027349,0.3002041723776961,12,0.18212887191216237,0.25000554482280135,0.27522846960057384,89.2,0.862669245647969
Audio Content,YouTube,2023-11-01,0.700386023595,0.328017058953,0.860689722337,0.8137497235278549,0.4683375280239411,0.3811095339472011,12,0.18334395215481974,0.2564017366368417,0.3502077732504108,88.5,0.8428571428571429
Audio Content,YouTube,2023-12-01,0.668823199966,0.317998029724,0.894002778057,0.7481220600003069,0.4754590297408427,0.3557013887754664,12,0.16941684778843677,0.2345118048576816,0.34264855645551073,83.8,0.8674948240165632
Audio Content,YouTube,2024-01-01,0.661833996775,0.301901665332,0.875840250501,0.7556560644437342,0.4561591982326587,0.34469946449630007,12,0.19320778226505253,0.26436522579183297,0.32696104245606733,80.5,0.8702702702702703
Audio Content,YouTube,2024-02-01,0.638490419223,0.216390242801,0.881673753081,0.72417991007649,0.3389091461455795,0.2454311949798057,12,0.1773345854915382,0.23970434465195897,0.22755791948488732,83.75,0.8524173027989822
Audio Content,YouTube,2024-03-01,0.679774517822,0.314897587222,0.892234954388,0.7618783757337433,0.4632382929429791,0.3529312382050689,12,0.17329869977942527,0.24239171872803547,0.3265032059254353,86.0,0.86
Audio Content,YouTube,2024-04-01,0.715084032148,0.280834644726,0.896739491454,0.7974267208735745,0.39272957037289297,0.3131730534925437,12,0.17713597783242557,0.2527747751558131,0.3005188590427651,84.75,0.8604060913705583
Audio Content,YouTube,2024-05-01,0.650794338803,0.242428256372,0.874043032583,0.7445792879096029,0.3725113171972209,0.27736421129697497,12,0.1839562722340131,0.24506711374709544,0.25854531666029096,87.25,0.8553921568627451
Audio Content,YouTube,2024-06-01,0.690965202506,0.244519495717,0.885634616869,0.7801921800988106,0.35388105628210226,0.2760952327964033,12,0.18178820783331137,0.2564845240717738,0.26269390771489404,85.0,0.869120654396728
Audio Content,YouTube,2024-07-01,0.547625140061,0.218139522198,0.732753886234,0.7473520787116231,0.3983373045541726,0.2976982125869458,12,0.17249359728601865,0.22872625096341748,0.23937494847753496,80.75,0.8636363636363636
Audio Content,YouTube,2024-08-01,0.61365014969,0.242992615793,0.82920987269,0.7400420206036463,0.39597907034774377,0.29304115133689773,12,0.1794031591689729,0.2453971440881799,0.25407979702228706,85.25,0.8632911392405064
Audio Content,YouTube,2024-09-01,0.622164236509,0.264543654172,0.830695157056,0.7489681758997636,0.4251990690695594,0.3184605711553055,12,0.18290023861341625,0.2350752685899807,0.2818803645031332,84.6,0.8650306748466258
Audio Content,YouTube,2024-10-01,0.659384620879,0.311425984019,0.845383213985,0.7799831011202213,0.47229791863184517,0.36838439522709254,12,0.18235531896037022,0.25858981372828405,0.32635338297042105,83.0,0.8578811369509044
Audio Content,YouTube,2024-11-01,0.633753714726,0.27063920347,0.866184493429,0.7316613487470011,0.42704160493482773,0.31244983663770004,12,0.18256780150760912,0.24373446324460296,0.28531966936570097,81.5,0.8358974358974359
Audio Content,YouTube,2024-12-01,0.681813309638,0.248357746084,0.86484396464,0.7883656908235599,0.36426063054689023,0.2871705836409246,12,0.17819994690000915,0.24241202990857288,0.2582064558191724,81.6,0.7999999999999999
Audio Content,YouTube,2025-01-01,0.625405947314,0.229326499191,0.861112934091,0.7262763367666579,0.3666842315393927,0.26631408043252713,12,0.1773673751604793,0.23731023481866942,0.2443608298320868,81.25,0.8620689655172413
Audio Content,YouTube,2025-02-01,0.683012851312,0.318000938483,0.873805333649,0.7816533328536082,0.4655855857941058,0.36392652486456234,12,0.18564058477569223,0.25992594135019015,0.3352983250614673,86.0,0.8514851485148515
Audio Content,YouTube,2025-03-01,0.589725525813,0.207627603527,0.830104415146,0.7104233094691806,0.35207498139200105,0.2501222734618056,12,0.17658124867702843,0.22795200045099762,0.21959163241771434,86.6,0.8523622047244095
Audio Content,iHeartRadio,2023-05-01,0.206486633937,0.028624617361,0.499343971361,0.41351582432086836,0.13862697461441256,0.05732444768078691,12,0.10225826619248443,0.07939842659604691,0.030484780846648178,0.0,0.0
Audio Content,iHeartRadio,2023-06-01,0.194029148283,0.025047571975,0.495255824574,0.3917756009228087,0.12909179984889188,0.05057501746000656,12,0.10607167526910506,0.08269236288553954,0.026745463785372455,0.0,0.0
Audio Content,iHeartRadio,2023-07-01,0.204343031382,0.024254436072,0.493086714585,0.41441601515056564,0.11869470619068298,0.04918898715901002,12,0.09958585241531953,0.07949424141494774,0.02559701375226749,0.0,0.0
Audio Content,iHeartRadio,2023-08-01,0.193555524035,0.024761757725,0.408739727556,0.4735422347916539,0.12793103089386595,0.0605807462686814,12,0.08570507978288706,0.06771461051516528,0.026997053399977686,0.0,0.0
Audio Content,iHeartRadio,2023-09-01,0.176220244116,0.02988168438,0.463093493974,0.38052843844507506,0.16957009979131493,0.06452624528056462,12,0.09336704020048377,0.06757187423136747,0.03149775433253172,0.0,0.0
Audio Content,iHeartRadio,2023-10-01,0.198544380396,0.026801997421,0.424342185649,0.4678874434610857,0.13499247557419142,0.06316128428289147,12,0.09267669458258063,0.07809727588601792,0.029465873602424156,0.0,0.0
Audio Content,iHeartRadio,2023-11-01,0.1611944932,0.015717299712,0.40797856587,0.39510529886847956,0.09750519015869209,0.038524817298877974,12,0.08690751233552364,0.05901109759533846,0.01678059229973625,0.0,0.0
Audio Content,iHeartRadio,2023-12-01,0.212720346578,0.013436764724,0.503933393208,0.4221199655451272,0.06316633523851949,0.0266637712544958,12,0.09549725019667316,0.07458687498952532,0.014478353970013446,0.0,0.0
Audio Content,iHeartRadio,2024-01-01,0.143486892608,0.018070830369,0.427475358146,0.3356612021575135,0.12594063499840874,0.0422733849440465,12,0.09429980624103941,0.05731489308092806,0.019570801403157194,0.0,0.0
Audio Content,iHeartRadio,2024-02-01,0.185735877682,0.044018471366,0.476838034269,0.38951565171753955,0.2369949840351491,0.09231325566023899,12,0.09590835029192983,0.06972962396569732,0.04629021915818912,0.0,0.0
Audio Content,iHeartRadio,2024-03-01,0.215243729517,0.028718995548,0.486538225736,0.4423983936542597,0.1334254689437156,0.059027213133266095,12,0.09450026755662298,0.07675088750049272,0.02977744034211895,0.0,0.0
Audio Content,iHeartRadio,2024-04-01,0.214879459646,0.036615561723,0.496793519227,0.4325327350895153,0.17040047375082648,0.07370378297199412,12,0.09813330030374902,0.07595765624141154,0.039182013468964175,0.0,0.0
Audio Content,iHeartRadio,2024-05-01,0.168693782078,0.012062227222,0.448133381512,0.376436545541035,0.0715036859889875,0.026916600547145363,12,0.09431680506959711,0.06352436678686485,0.012864145473021553,0.0,0.0
Audio Content,iHeartRadio,2024-06-01,0.187228996033,0.024691275028,0.409833832762,0.4568412392193306,0.13187740975574128,0.06024703929784829,12,0.08412380969327135,0.06949892666923851,0.026526504582176553,0.0,0.0
Audio Content,iHeartRadio,2024-07-01,0.192740883812,0.033895306024,0.395766452154,0.4870066241415555,0.1758594510600127,0.08564471758412387,12,0.09316522272987003,0.08050196482357216,0.03719494317843367,0.0,0.0
Audio Content,iHeartRadio,2024-08-01,0.160637644446,0.041158175825,0.437584559563,0.36710080585663957,0.25621750099078267,0.09405765108829066,12,0.09467332092235535,0.06423858806196794,0.04303612653123616,0.0,0.0
Audio Content,iHeartRadio,2024-09-01,0.181907624119,0.01086267968,0.449303254601,0.4048660281362563,0.05971536230330771,0.024176721554457718,12,0.09892638927563596,0.06873102163229307,0.011574558903190904,0.0,0.0
Audio Content,iHeartRadio,2024-10-01,0.20923971049,0.012868949447,0.485398818671,0.4310676137673529,0.06150338010343899,0.02651211529981594,12,0.10470406194191084,0.08205720310558791,0.01348578924951731,0.0,0.0
Audio Content,iHeartRadio,2024-11-01,0.211152185712,0.032616244953,0.454958062342,0.4641135154854629,0.1544679485226204,0.07169066261866087,12,0.09589261162033154,0.08120672660623329,0.03438547005246503,0.0,0.0
Audio Content,iHeartRadio,2024-12-01,0.19231934248,0.019083521932,0.452331437305,0.42517350468904525,0.09922830270691346,0.04218924522624388,12,0.09320229012930516,0.06837725450975926,0.019840285395981094,0.0,0.0
Audio Content,iHeartRadio,2025-01-01,0.176797473328,0.028248091817,0.4658169906,0.37954277515784546,0.1597765583707935,0.06064203836922045,12,0.09594645911931515,0.06708578658550905,0.030099997958918826,0.0,0.0
Audio Content,iHeartRadio,2025-02-01,0.1980983169,0.025008854024,0.442934817001,0.4472403371703172,0.1262446567712358,0.05646170286031847,12,0.09410182712229771,0.07538788091792399,0.02636918905320216,0.0,0.0
Audio Content,iHeartRadio,2025-03-01,0.215009730185,0.032103316822,0.499160566311,0.4307426201032055,0.14931099534136186,0.06431460934355572,12,0.10618230005923582,0.08310967724270003,0.03395319132530138,0.2,0.0019685039370078744
Household Cleaners (Indoor),Ajax,2023-04-01,0.665775555181,0.189270244481,0.894501365736,0.7442979750323764,0.2842853616479571,0.21159301900592128,16,0.2369351202143858,0.25161102796652063,0.2111597291449599,27.4,0.3881019830028329
Household Cleaners (Indoor),Ajax,2023-05-01,0.650416044807,0.221807483832,0.884867485761,0.7350434446663298,0.3410240039478387,0.2506674585757234,16,0.23933133974493226,0.2491238224309681,0.24784100597688774,28.0,0.3971631205673759
Household Cleaners (Indoor),Ajax,2023-06-01,0.645260993,0.194235566167,0.852674170427,0.7567497824835808,0.3010186083989739,0.22779576642943367,16,0.24060618504011946,0.2505356166264905,0.21588317583216887,23.5,0.36153846153846153
Household Cleaners (Indoor),Ajax,2023-07-01,0.617103915706,0.186315191704,0.831677745407,0.7419988320163676,0.3019186671192086,0.22402329836639132,16,0.22715430108569787,0.24278930465154594,0.20883289965234325,26.6,0.3855072463768116
Household Cleaners (Indoor),Ajax,2023-08-01,0.572748882674,0.145542462131,0.834212093724,0.6865746576715234,0.2541121712040782,0.17446697695460753,16,0.1630828796703413,0.15810502393776488,0.15779871588637612,30.5,0.42657342657342656
Household Cleaners (Indoor),Ajax,2023-09-01,0.622446415794,0.131093177873,0.836572591543,0.7440435200559712,0.21060957947002718,0.15670269286638683,16,0.1662656747475688,0.17199527584731666,0.14425959075570832,32.75,0.4440677966101695
Household Cleaners (Indoor),Ajax,2023-10-01,0.588902871632,0.15484751361,0.793914075609,0.7417715464740452,0.2629423646396528,0.19504316445229758,16,0.1638372663915843,0.1721304863792358,0.17303991903715707,37.4,0.46059113300492616
Household Cleaners (Indoor),Ajax,2023-11-01,0.586470235023,0.172615999275,0.822459515693,0.7130688183829247,0.29433036660118034,0.2098778067265167,16,0.16435830999314727,0.17082948559815073,0.18906823424415628,28.75,0.3993055555555556
Household Cleaners (Indoor),Ajax,2023-12-01,0.582806684446,0.11161799976,0.853509460691,0.6828356465716978,0.19151805004793485,0.13077535153463235,16,0.16536752187722475,0.16496339827344814,0.1230665099686553,23.2,0.3462686567164179
Household Cleaners (Indoor),Ajax,2024-01-01,0.593877000563,0.142679793742,0.82139666161,0.7230087828686275,0.24025142177039766,0.17370388803667247,16,0.16466510424289632,0.16698779670881922,0.15719087276402585,25.5,0.34812286689419797
Household Cleaners (Indoor),Ajax,2024-02-01,0.621314172299,0.164230772751,0.855482748759,0.7262731752338724,0.2643280647265936,0.19197438287240767,16,0.16254000176591224,0.16804031237185843,0.18144825439447304,28.75,0.391156462585034
Household Cleaners (Indoor),Ajax,2024-03-01,0.489841612249,0.13544987534,0.814517397699,0.6013887654613586,0.2765176986865442,0.16629463744131673,16,0.15968643877843836,0.14081645940291118,0.14784255150385642,36.6,0.43990384615384615
Household Cleaners (Indoor),Ajax,2024-04-01,0.591988031251,0.161487768438,0.843984792756,0.7014202581990675,0.2727889077364302,0.19133966609832848,16,0.1597170572881072,0.16478403050511692,0.17529199896844738,25.5,0.36823104693140796
Household Cleaners (Indoor),Ajax,2024-05-01,0.543181176638,0.158596107377,0.812448476383,0.6685730756197966,0.2919764421120496,0.19520758791137852,16,0.15633978234758253,0.15319840079124294,0.17368165931320617,25.0,0.352112676056338
Household Cleaners (Indoor),Ajax,2024-06-01,0.632353562208,0.189936064289,0.884930741769,0.7145797206049238,0.3003637136569563,0.21463381858484515,16,0.16458224979202393,0.17892104582358953,0.2017886731016053,20.6,0.3140243902439025
Household Cleaners (Indoor),Ajax,2024-07-01,0.594488969713,0.182675120506,0.813646583415,0.7306476568952558,0.3072809249836706,0.22451408784792581,17,0.15272341229013486,0.16239112614114679,0.19834366496467823,28.0,0.37583892617449666
Household Cleaners (Indoor),Ajax,2024-08-01,0.511735791844,0.14438090482,0.766586325725,0.6675514220267694,0.28213954763596794,0.18834265623437982,17,0.1461384379413463,0.14739536292926178,0.16073612467131357,33.25,0.4169278996865204
Household Cleaners (Indoor),Ajax,2024-09-01,0.542855047241,0.100752089138,0.782021844812,0.6941686486667181,0.18559667014253844,0.12883538970988856,17,0.1444240130591049,0.15387750070500916,0.11209030293036464,28.8,0.3829787234042553
Household Cleaners (Indoor),Ajax,2024-10-01,0.547332280623,0.144357841778,0.73974690455,0.7398912753219982,0.26374808665347665,0.19514490819777774,17,0.14662958803081574,0.15867734447610235,0.16462899328763458,27.0,0.36610169491525424
Household Cleaners (Indoor),Ajax,2024-11-01,0.57334449955,0.093419415674,0.798293119135,0.7182130044804272,0.16293766792447115,0.11702395202306856,17,0.14440969298763148,0.15445371153212678,0.0984110521902142,28.75,0.3685897435897436
Household Cleaners (Indoor),Ajax,2024-12-01,0.569483298246,0.184731069192,0.780456938187,0.729679333197945,0.3243836470024124,0.23669604324503787,17,0.14983269578934993,0.16234747900648577,0.20202883055352436,22.8,0.31232876712328766
Household Cleaners (Indoor),Ajax,2025-01-01,0.574319671263,0.171141870473,0.8140817226,0.7054815939470399,0.29799061226065593,0.2102268921189019,17,0.15083783949440868,0.1577500605426807,0.1842102770782119,27.75,0.3384146341463415
Household Cleaners (Indoor),Ajax,2025-02-01,0.578378127673,0.162038870492,0.788097410795,0.7338916734792418,0.2801607853739804,0.20560766762136917,17,0.14778670862411167,0.1610830606505721,0.1742115009994932,32.0,0.38095238095238093
Household Cleaners (Indoor),Ajax,2025-03-01,0.570264810756,0.160355213501,0.803960861327,0.709319120105839,0.2811942986424449,0.19945649249183753,17,0.1530280946831296,0.1625256232983429,0.18309497932911734,27.6,0.35475578406169667
Household Cleaners (Indoor),Dettol,2023-04-01,0.0,0.0,0.0,,,,16,0.0,0.0,0.0,16.0,0.226628895184136
Household Cleaners (Indoor),Dettol,2023-05-01,0.0,0.0,0.0,,,,16,0.0,0.0,0.0,14.75,0.20921985815602837
Household Cleaners (Indoor),Dettol,2023-06-01,0.0,0.0,0.0,,,,16,0.0,0.0,0.0,14.0,0.2153846153846154
Household Cleaners (Indoor),Dettol,2023-07-01,0.0,0.0,0.0,,,,16,0.0,0.0,0.0,16.4,0.23768115942028983
Household Cleaners (Indoor),Dettol,2023-08-01,0.735193587264,0.204048630085,0.89786964483,0.8188199606672296,0.2775440831092673,0.22725863521495257,16,0.17552750475457451,0.202947230853747,0.22123173769594343,12.75,0.17832167832167833
Household Cleaners (Indoor),Dettol,2023-09-01,0.715236303134,0.196490441615,0.88073742447,0.8120880108670375,0.2747210128373299,0.22309764085844513,16,0.17504327016600998,0.19763510903444606,0.21622506338391526,14.5,0.19661016949152543
Household Cleaners (Indoor),Dettol,2023-10-01,0.635051318729,0.168230497471,0.814709092981,0.7794823013517171,0.26490850819379247,0.20649149361454755,16,0.1681286612735563,0.18561922115554866,0.18799521531408397,14.2,0.1748768472906404
Household Cleaners (Indoor),Dettol,2023-11-01,0.680962732736,0.186847393505,0.87625010626,0.7771328389818711,0.2743871059643409,0.21323523063808775,16,0.17510769083249,0.1983536527480201,0.20465603948353,15.5,0.2152777777777778
Household Cleaners (Indoor),Dettol,2023-12-01,0.666011671219,0.166271866982,0.855817812047,0.778216650604631,0.24965308292221502,0.19428418600484637,16,0.16581476512518434,0.18851456495990904,0.1833261518701778,17.8,0.2656716417910448
Household Cleaners (Indoor),Dettol,2024-01-01,0.700631737171,0.208348474034,0.872928339788,0.8026222832233353,0.29737230413692967,0.2386776377137666,16,0.17499564191803074,0.19700535630028407,0.22953830821817925,17.75,0.24232081911262798
Household Cleaners (Indoor),Dettol,2024-02-01,0.685475067843,0.157670210528,0.901503084369,0.760369076632492,0.23001596691786974,0.17489702837607043,16,0.17128377297832803,0.1853932352729691,0.17419990170593938,17.75,0.24149659863945577
Household Cleaners (Indoor),Dettol,2024-03-01,0.666916556192,0.175416349914,0.840565300942,0.7934143313370224,0.2630259337324039,0.20868854533659123,16,0.16479313989773983,0.19172080487192583,0.19146566714572988,17.0,0.20432692307692307
Household Cleaners (Indoor),Dettol,2024-04-01,0.679714389915,0.179085640468,0.886990824,0.7663150187391341,0.2634718980870702,0.20190247251982846,16,0.16785558871057782,0.18920327920452548,0.19439416500595727,17.0,0.24548736462093862
Household Cleaners (Indoor),Dettol,2024-05-01,0.655879034879,0.155013742347,0.851365229514,0.7703850382207965,0.23634501806510363,0.1820766657753797,16,0.16382854857834955,0.1849836179484009,0.1697585422016557,15.75,0.22183098591549297
Household Cleaners (Indoor),Dettol,2024-06-01,0.657219993175,0.179483838822,0.903898714495,0.7270947315620233,0.27309552461257564,0.1985663171589706,16,0.16810997402838426,0.18595686897761848,0.19068419583532087,15.4,0.23475609756097562
Household Cleaners (Indoor),Dettol,2024-07-01,0.637063422173,0.18937263829,0.830525526311,0.7670606164300412,0.2972586899496707,0.22801543395198093,17,0.15589163029469894,0.17402080075590007,0.20561564715779274,16.75,0.22483221476510068
Household Cleaners (Indoor),Dettol,2024-08-01,0.622213968302,0.194718030534,0.827888586687,0.7515672740361627,0.3129438432013647,0.23519835116124999,17,0.1578248147506206,0.17921641428881577,0.21677535315826724,15.5,0.19435736677115986
Household Cleaners (Indoor),Dettol,2024-09-01,0.673206273814,0.198531589271,0.846287307564,0.795481945430322,0.29490454410983735,0.23459124046473565,17,0.15629257669747176,0.1908268135295445,0.22087349426722633,17.4,0.23138297872340421
Household Cleaners (Indoor),Dettol,2024-10-01,0.590978262253,0.164412961287,0.793600850138,0.7446794722438039,0.2782047526760201,0.20717336839849665,17,0.1573042955650176,0.17133077038808778,0.18750031149497728,17.0,0.2305084745762712
Household Cleaners (Indoor),Dettol,2024-11-01,0.683456932092,0.246350456175,0.844379845008,0.8094188132658764,0.3604476662793418,0.2917531222842795,17,0.15274669323803644,0.184116983622975,0.2595135863868217,17.25,0.22115384615384615
Household Cleaners (Indoor),Dettol,2024-12-01,0.673159806461,0.183760235539,0.871302923966,0.7725898627734528,0.27298159185273085,0.21090281058918,17,0.16727337481326693,0.19190342874678828,0.20096709043349215,19.2,0.26301369863013696
Household Cleaners (Indoor),Dettol,2025-01-01,0.636470230393,0.16220881349,0.813159772021,0.7827123921921744,0.2548568742796364,0.1994796337340344,17,0.15066701508010683,0.17482113603615662,0.17459509116581123,19.25,0.2347560975609756
Household Cleaners (Indoor),Dettol,2025-02-01,0.642809025691,0.190193335944,0.839201158115,0.7659772862264241,0.2958784465410205,0.226636169534381,17,0.1573698572442327,0.17902759512832153,0.20448097690572925,21.25,0.25297619047619047
Household Cleaners (Indoor),Dettol,2025-03-01,0.625695680704,0.152308772996,0.827229022163,0.7563753977924517,0.24342308520434436,0.18411923290330182,17,0.15745701963556638,0.17832343603086084,0.17390748348304835,19.0,0.2442159383033419
Household Cleaners (Indoor),Earth Choice,2023-04-01,0.532060670073,0.162007697777,0.787619165077,0.6755303751667648,0.30449102309097975,0.20569293506356162,16,0.20862421088326205,0.2010772716057866,0.18074421405116314,3.8,0.053824362606232294
Household Cleaners (Indoor),Earth Choice,2023-05-01,0.534905999631,0.1905647733,0.766850160735,0.697536529324465,0.3562584331292962,0.24850327098758132,16,0.2074110296803192,0.20488090405099824,0.21293134164130378,4.75,0.0673758865248227
Household Cleaners (Indoor),Earth Choice,2023-06-01,0.550617601503,0.173948137137,0.762663390888,0.7219667393001433,0.31591459601396754,0.2280798307815262,16,0.2152070923638154,0.2137884078140042,0.19333470700694588,4.5,0.06923076923076923
Household Cleaners (Indoor),Earth Choice,2023-07-01,0.520216662655,0.217000539899,0.77595088359,0.67042473132858,0.4171349275732668,0.2796575717460741,16,0.21193374670914047,0.2046706212350927,0.243226822025481,4.8,0.06956521739130435
Household Cleaners (Indoor),Earth Choice,2023-08-01,0.463678864587,0.14866876709,0.703419214075,0.65917855996689,0.3206287334714289,0.21135158681370428,16,0.13751374729500512,0.12799668441551582,0.16118828962847326,4.75,0.06643356643356643
Household Cleaners (Indoor),Earth Choice,2023-09-01,0.494748624771,0.144405762341,0.729742502199,0.6779769895273039,0.29187703635930234,0.19788591442303122,16,0.14503359391240528,0.13670964123718385,0.1589092317089163,4.25,0.0576271186440678
Household Cleaners (Indoor),Earth Choice,2023-10-01,0.444469105547,0.137858516699,0.679096646811,0.6545005156986153,0.3101644523286721,0.2030027940004945,16,0.14014279586094816,0.12991392469581528,0.1540549538835926,4.4,0.05418719211822661
Household Cleaners (Indoor),Earth Choice,2023-11-01,0.486735076551,0.153215555013,0.71587783792,0.6799135980591609,0.3147822345138631,0.21402472167342323,16,0.1430592866360593,0.14177821445025757,0.1678187107030337,4.75,0.06597222222222222
Household Cleaners (Indoor),Earth Choice,2023-12-01,0.470634055498,0.173780226113,0.707580728963,0.6651312510838744,0.369247027670182,0.24559773747327018,16,0.13709381918503835,0.1332129421472999,0.19160463343973014,4.6,0.06865671641791045
Household Cleaners (Indoor),Earth Choice,2024-01-01,0.466138277327,0.103484146997,0.665106902483,0.7008471504156648,0.22200310944300544,0.15559024663654733,16,0.13333375036534204,0.13106990811007652,0.11400887930293385,5.25,0.07167235494880546
Household Cleaners (Indoor),Earth Choice,2024-02-01,0.47200016565,0.127715880659,0.710879010132,0.6639669464461418,0.27058439795909844,0.17965909646887027,16,0.13506558224560533,0.12765692271578427,0.14110524608663685,4.0,0.05442176870748299
Household Cleaners (Indoor),Earth Choice,2024-03-01,0.495217022421,0.153963182396,0.724140400187,0.6838687943568906,0.3109004243095483,0.21261509833761652,16,0.14196799480050834,0.14236174712312769,0.16804969119344979,4.4,0.052884615384615384
Household Cleaners (Indoor),Earth Choice,2024-04-01,0.469963187461,0.138411061981,0.70059896656,0.6708019992786443,0.29451468896696525,0.19756104217596837,16,0.1325824899198182,0.13081755733338502,0.15024265904888148,4.5,0.06498194945848375
Household Cleaners (Indoor),Earth Choice,2024-05-01,0.436188645787,0.140915745415,0.676079987913,0.6451731357017035,0.3230614707101112,0.20843058208244652,16,0.13009834005774784,0.123022309777867,0.1543195535616524,5.0,0.07042253521126761
Household Cleaners (Indoor),Earth Choice,2024-06-01,0.443130702848,0.098310746693,0.684115425072,0.6477425981169224,0.22185496527583634,0.14370491161290982,16,0.12723397488791002,0.12538145355466046,0.10444564701848148,4.4,0.06707317073170734
Household Cleaners (Indoor),Earth Choice,2024-07-01,0.421822699304,0.12192564294,0.639650185419,0.6594584179283665,0.28904476487674835,0.19061300335609713,17,0.12006387168638874,0.11522545692470054,0.13238353863902363,5.25,0.07046979865771812
Household Cleaners (Indoor),Earth Choice,2024-08-01,0.456338942774,0.108545439833,0.64797455361,0.7042544189916742,0.2378614438933753,0.16751497296964973,17,0.12352684350421929,0.13143939736275845,0.12084128002419076,5.0,0.06269592476489028
Household Cleaners (Indoor),Earth Choice,2024-09-01,0.451066421885,0.137051568876,0.6751351588,0.6681127712067838,0.3038389962685839,0.20299871379769122,17,0.12468414998641462,0.12785912925444534,0.15247477252160058,5.0,0.06648936170212766
Household Cleaners (Indoor),Earth Choice,2024-10-01,0.400654159229,0.087025644176,0.629972685988,0.6359865564657701,0.217208887444144,0.13814193235936217,17,0.12487059404902634,0.11615382518165995,0.09924604035668115,5.0,0.06779661016949153
Household Cleaners (Indoor),Earth Choice,2024-11-01,0.439434927187,0.137965445874,0.643139148552,0.6832657103464603,0.31396103800208236,0.21451881165160483,17,0.11634263751560006,0.11837970981522089,0.14533728985987607,4.75,0.060897435897435896
Household Cleaners (Indoor),Earth Choice,2024-12-01,0.417164354446,0.159136892389,0.616677347341,0.676471020452975,0.3814728911829871,0.25805535597370194,17,0.11839016973693475,0.11892461374068379,0.1740380782068468,4.8,0.06575342465753424
Household Cleaners (Indoor),Earth Choice,2025-01-01,0.414621215491,0.096280027953,0.695934482756,0.5957762199812844,0.2322120151015039,0.13834639659141093,17,0.12894682547756028,0.11388521953661813,0.10363197841242584,6.25,0.07621951219512195
Household Cleaners (Indoor),Earth Choice,2025-02-01,0.406533655212,0.140574378729,0.652268192093,0.6232615052215158,0.3457878011494349,0.215516225431635,17,0.12231555126210024,0.1132229631547154,0.15113456077601697,4.75,0.05654761904761905
Household Cleaners (Indoor),Earth Choice,2025-03-01,0.382634469279,0.100900619856,0.654001145654,0.5850669709398846,0.26369976559123787,0.1542820230920231,17,0.12448435496576889,0.10905092588925067,0.11520920650774003,5.0,0.06426735218508997
Household Cleaners (Indoor),Pine O Cleen,2023-04-01,0.760914919943,0.403821868996,0.926163807812,0.8215770401788972,0.5307056786667427,0.4360156006851554,16,0.2453218536582028,0.2875662581962347,0.45052468080140723,0.4,0.005665722379603401
Household Cleaners (Indoor),Pine O Cleen,2023-05-01,0.733510463468,0.351706674605,0.89895869335,0.8159556928411787,0.479484195688428,0.39123785909934655,16,0.24314260826272502,0.28095083433324997,0.39298645175070307,0.5,0.0070921985815602835
Household Cleaners (Indoor),Pine O Cleen,2023-06-01,0.753401878876,0.379269923938,0.889487388908,0.8470068134422134,0.5034098461551924,0.4263915696473444,16,0.2509940780536093,0.29252350031912616,0.421539665948529,1.25,0.019230769230769232
Household Cleaners (Indoor),Pine O Cleen,2023-07-01,0.727931653426,0.330092260004,0.880436507825,0.826784949234167,0.4534660066648091,0.37491886929978463,16,0.24047167390230992,0.28639264064133424,0.36998659732989764,0.4,0.005797101449275362
Household Cleaners (Indoor),Pine O Cleen,2023-08-01,0.699602892398,0.219504191321,0.864229542065,0.8095105042652914,0.3137554085412862,0.2539882989842191,16,0.168951089868485,0.19312256277673662,0.23798882480739322,0.5,0.006993006993006993
Household Cleaners (Indoor),Pine O Cleen,2023-09-01,0.721637308195,0.228664138649,0.876777388598,0.8230564765691839,0.3168685100565929,0.26080067942290636,16,0.17425622784244035,0.19940384382547605,0.2516301427521142,0.5,0.006779661016949152
Household Cleaners (Indoor),Pine O Cleen,2023-10-01,0.645482793175,0.219245263671,0.826478215494,0.7810040011631572,0.33966089567248825,0.265276518558875,16,0.17055741385472004,0.18866823799098462,0.2450034991873448,0.8,0.009852216748768475
Household Cleaners (Indoor),Pine O Cleen,2023-11-01,0.644016122802,0.190237203734,0.815102731098,0.7901042386822402,0.29539198942149403,0.2333904629147019,16,0.1628881480460282,0.1875916907715982,0.2083689365331179,1.0,0.013888888888888888
Household Cleaners (Indoor),Pine O Cleen,2023-12-01,0.655979286495,0.22959789744,0.848662446356,0.772956655866716,0.3500078465385355,0.27054089458753716,16,0.16442841248711512,0.18567489904490528,0.2531474492898766,0.0,0.0
Household Cleaners (Indoor),Pine O Cleen,2024-01-01,0.697986366482,0.270589193361,0.849357269805,0.8217818240871093,0.38767117289815733,0.3185811236102369,16,0.17027035768293342,0.19626152445898457,0.29810914600732813,1.0,0.013651877133105802
Household Cleaners (Indoor),Pine O Cleen,2024-02-01,0.685074422072,0.235697609957,0.880145261386,0.7783651768949887,0.3440467230467242,0.26779398844440466,16,0.16722582956519813,0.18528487682323314,0.26040746916832985,1.0,0.013605442176870748
Household Cleaners (Indoor),Pine O Cleen,2024-03-01,0.664250216852,0.24128241719,0.846408815374,0.7847865059846876,0.36324025355005574,0.28506604941654023,16,0.16593876307562722,0.19095430309658334,0.26335799941377447,0.8,0.009615384615384616
Household Cleaners (Indoor),Pine O Cleen,2024-04-01,0.687131666647,0.229641885474,0.847309456314,0.8109571556491155,0.33420361281642674,0.27102481125726774,16,0.16034622203670745,0.1912679303304746,0.2492720380062443,0.0,0.0
Household Cleaners (Indoor),Pine O Cleen,2024-05-01,0.652049565513,0.201215850629,0.819093908945,0.7960620368339028,0.3085898086147691,0.2456566315920573,16,0.15761856556959555,0.1839035573572342,0.22035536303730954,0.5,0.007042253521126761
Household Cleaners (Indoor),Pine O Cleen,2024-06-01,0.640790625519,0.230752384385,0.856948558737,0.7477585661190901,0.3601057431171143,0.2692721541245028,16,0.15937803389113603,0.18130826759555674,0.24515206016500263,0.4,0.006097560975609757
Household Cleaners (Indoor),Pine O Cleen,2024-07-01,0.613195628733,0.223103542524,0.791930031989,0.7743053097669585,0.3638374640487605,0.28172128030510013,17,0.14864716357901447,0.16750105345579955,0.24223974325698974,0.5,0.006711409395973154
Household Cleaners (Indoor),Pine O Cleen,2024-08-01,0.568187966749,0.198727212014,0.800266938018,0.7099980515954041,0.34975610826652515,0.24832615540282404,17,0.15255915261395944,0.16365529420802838,0.22123868780077138,1.5,0.018808777429467086
Household Cleaners (Indoor),Pine O Cleen,2024-09-01,0.644497799515,0.231288988124,0.821744578517,0.784304291581848,0.358866994267553,0.28146092371112025,17,0.1517600186316007,0.18268911950489464,0.2573172721785142,0.4,0.005319148936170213
Household Cleaners (Indoor),Pine O Cleen,2024-10-01,0.607109347369,0.225678128589,0.77576932916,0.7825900361727057,0.3717256694646693,0.2909088051126788,17,0.1537698048373308,0.17600734043583163,0.2573685132656681,0.5,0.006779661016949152
Household Cleaners (Indoor),Pine O Cleen,2024-11-01,0.660442033759,0.262289815074,0.832444222226,0.7933769207898914,0.3971428250578482,0.31508395165819414,17,0.1505875619863072,0.1779169826273146,0.27630462569241876,1.25,0.016025641025641024
Household Cleaners (Indoor),Pine O Cleen,2024-12-01,0.612655018595,0.167912158063,0.801592874145,0.764296987106421,0.27407293332562993,0.20947311718819794,17,0.153890388286741,0.17465481090650853,0.1836350380992409,0.6,0.00821917808219178
Household Cleaners (Indoor),Pine O Cleen,2025-01-01,0.640951045853,0.248116884426,0.819128278267,0.782479451459101,0.3871073867986242,0.3029035756779535,17,0.15177289494715535,0.17605189469803761,0.2670631091127804,1.5,0.018292682926829267
Household Cleaners (Indoor),Pine O Cleen,2025-02-01,0.643512548905,0.198563315023,0.842008045543,0.7642593824504458,0.3085616828465506,0.23582116118017507,17,0.1578962143274822,0.17922353212373626,0.21347972278848912,0.5,0.005952380952380952
Household Cleaners (Indoor),Pine O Cleen,2025-03-01,0.633505190268,0.19049230069,0.809812689748,0.7822860746540488,0.30069572217618856,0.23523007616647496,17,0.15414194760402944,0.1805491483413589,0.21750576794919146,1.4,0.017994858611825194
Household Cleaners (Indoor),White King,2023-04-01,0.0,0.0,0.0,,,,16,0.0,0.0,0.0,23.0,0.3257790368271955
Household Cleaners (Indoor),White King,2023-05-01,0.0,0.0,0.0,,,,16,0.0,0.0,0.0,22.5,0.3191489361702128
Household Cleaners (Indoor),White King,2023-06-01,0.0,0.0,0.0,,,,16,0.0,0.0,0.0,21.75,0.3346153846153846
Household Cleaners (Indoor),White King,2023-07-01,0.0,0.0,0.0,,,,16,0.0,0.0,0.0,20.8,0.30144927536231886
Household Cleaners (Indoor),White King,2023-08-01,0.527009415261,0.078550872256,0.783165277012,0.6729223456786695,0.14905022563420028,0.100299227457701,16,0.1531035687372738,0.1454788280446004,0.08516570760356425,23.0,0.32167832167832167
Household Cleaners (Indoor),White King,2023-09-01,0.507910606797,0.104638647764,0.788555513508,0.6441025369761074,0.206017843226144,0.1326966154843053,16,0.15672246001688922,0.14034657876596945,0.11514808587742957,21.75,0.29491525423728815
Household Cleaners (Indoor),White King,2023-10-01,0.525224622641,0.084890491677,0.754177961602,0.6964200087806002,0.16162702207322846,0.11256029213142002,16,0.15563706375512482,0.153517963841821,0.09486393074292086,24.4,0.30049261083743845
Household Cleaners (Indoor),White King,2023-11-01,0.474298816051,0.049174859922,0.734633474296,0.6456264690436562,0.10367906951872376,0.06693795156710537,16,0.14680736740938213,0.13815572884551705,0.05386177395899601,22.0,0.3055555555555556
Household Cleaners (Indoor),White King,2023-12-01,0.568999110587,0.106716209353,0.788575864145,0.7215527845300308,0.1875507489684961,0.13532776515891115,16,0.1527866326874387,0.1610551652924599,0.11766194942031705,21.4,0.31940298507462683
Household Cleaners (Indoor),White King,2024-01-01,0.521263396209,0.087558977761,0.768540183033,0.6782513233750039,0.16797453724506933,0.11392895217977216,16,0.15406898429065014,0.1465701247150137,0.09646405963738108,23.75,0.3242320819112628
Household Cleaners (Indoor),White King,2024-02-01,0.579726757523,0.090181469087,0.793283123422,0.7307942655104296,0.1555585763753921,0.11368131556610273,16,0.1507221980442347,0.1567926015014648,0.09963583481017048,22.0,0.29931972789115646
Household Cleaners (Indoor),White King,2024-03-01,0.541411033612,0.08689776653,0.785343861224,0.6893936024000776,0.16050239307142553,0.1106493229533433,16,0.15396695610142475,0.1556412990004567,0.09484827868267284,24.4,0.2932692307692307
Household Cleaners (Indoor),White King,2024-04-01,0.503586232127,0.09081855607,0.757402846616,0.6648855815329621,0.1803436040862538,0.11990786207863914,16,0.14333214873234829,0.14017676820494382,0.09858187026127861,22.25,0.3212996389891697
Household Cleaners (Indoor),White King,2024-05-01,0.504934013448,0.094475177304,0.746471329556,0.6764278726529711,0.18710400723228243,0.12656236557697895,16,0.14364377383173285,0.14241120033673482,0.10346159076315194,24.75,0.3485915492957746
Household Cleaners (Indoor),White King,2024-06-01,0.552892773268,0.107331819456,0.767696888886,0.7201967094985876,0.1941277308104256,0.13981015295209612,16,0.14277872286210752,0.15643804215477197,0.11402966314313394,24.8,0.37804878048780494
Household Cleaners (Indoor),White King,2024-07-01,0.465732738863,0.063861277613,0.672034646731,0.6930189405092116,0.13712000957653409,0.09502676375934262,17,0.1261425126314388,0.1272199616778009,0.06933883396930973,24.0,0.3221476510067114
Household Cleaners (Indoor),White King,2024-08-01,0.432316876555,0.055685199933,0.654471794183,0.6605584540043872,0.12880644488537715,0.08508418609928603,17,0.1247654471114117,0.12452031680382103,0.06199312332843788,24.5,0.3072100313479624
Household Cleaners (Indoor),White King,2024-09-01,0.453758843193,0.076758077434,0.754896504649,0.60108748735561,0.16916051022580736,0.10168026605142352,17,0.13941449764988312,0.12862232205117,0.08539610667670407,23.6,0.31382978723404253
Household Cleaners (Indoor),White King,2024-10-01,0.469734713701,0.057038789217,0.672786856066,0.6981924653636802,0.12142766449512793,0.08477988043720719,17,0.1333570427003219,0.13618099939853012,0.06504834328003482,24.25,0.3288135593220339
Household Cleaners (Indoor),White King,2024-11-01,0.5354590589,0.100370535325,0.774306936117,0.6915333363604154,0.18744763704473016,0.12962628983841845,17,0.14007063851935822,0.14424772381267487,0.1057335878089568,26.0,0.3333333333333333
Household Cleaners (Indoor),White King,2024-12-01,0.516884210541,0.098352225587,0.722236797094,0.715671387307793,0.19027902880619832,0.13617725652131143,17,0.1386555503731471,0.14735260678942727,0.10756168523566646,25.6,0.3506849315068493
Household Cleaners (Indoor),White King,2025-01-01,0.542114309711,0.099377338117,0.752950465267,0.7199866853376119,0.18331436071107926,0.13198389894315332,17,0.13951108134998447,0.14890411987786856,0.1069657994226246,27.25,0.3323170731707317
Household Cleaners (Indoor),White King,2025-02-01,0.512944137346,0.103370591071,0.723034758447,0.7094321972124108,0.20152407161888014,0.1429676649197734,17,0.13558593862644586,0.14285915672311875,0.11113596247002232,25.5,0.30357142857142855
Household Cleaners (Indoor),White King,2025-03-01,0.546131473413,0.114009105788,0.720368366365,0.7581280618536811,0.20875761851905414,0.15826500872504065,17,0.13711687207369838,0.15564761571316418,0.13017658990834644,24.8,0.3187660668380463
Liquor Retailer,BWS,2023-04-01,0.74669036021,0.267824286198,0.932369955003,0.8008520182394739,0.35868185859889334,0.28725109036480934,11,0.14915125658109402,0.20602625056863286,0.2810448095594681,34.8,0.43828715365239296
Liquor Retailer,BWS,2023-05-01,0.7429046308,0.240666369383,0.933406531445,0.7959068270605678,0.32395324972444633,0.25783660310414386,11,0.15161511831307764,0.20860260916925344,0.25252627262059324,25.5,0.4322033898305085
Liquor Retailer,BWS,2023-06-01,0.752469474771,0.271709164115,0.910250376914,0.8266620853507133,0.3610899487951848,0.29849937007020977,11,0.1562586399711443,0.2188621457645511,0.28498126586694883,27.0,0.43724696356275305
Liquor Retailer,BWS,2023-07-01,0.640343347141,0.240405765872,0.851202503983,0.7522808546082341,0.3754325971299019,0.2824307550166715,11,0.1481560046634249,0.19196846495667766,0.25070721211422314,26.2,0.42950819672131146
Liquor Retailer,BWS,2023-08-01,0.735614677112,0.251912206035,0.918923134413,0.8005181821675479,0.34245130483801567,0.2741384960298331,11,0.14564351738052703,0.21230038203195425,0.2618236827164178,27.0,0.4251968503937008
Liquor Retailer,BWS,2023-09-01,0.72987757156,0.270432458662,0.891686381022,0.8185361883888548,0.37051756239610517,0.3032820332548376,11,0.1547249382755034,0.21345230107322877,0.27926767688314436,29.5,0.4229390681003584
Liquor Retailer,BWS,2023-10-01,0.699442885551,0.254970622221,0.875545721478,0.7988650602623897,0.3645338704391021,0.2912133723760155,11,0.1537350865977298,0.22160982767536286,0.2694805003051124,28.4,0.4164222873900293
Liquor Retailer,BWS,2023-11-01,0.726323385593,0.227956902737,0.864785970996,0.8398880300480263,0.31385042428571497,0.26359921458306634,11,0.15169828382397715,0.21537027203249337,0.24391405053513585,30.5,0.41496598639455784
Liquor Retailer,BWS,2023-12-01,0.762921127183,0.254440739721,0.862972622429,0.8840617968106728,0.33350857730273337,0.2948421921020256,11,0.15015865579687282,0.21512428258865007,0.2802744598176512,55.2,0.44301765650080255
Liquor Retailer,BWS,2024-01-01,0.700377542689,0.21578528661,0.903566030773,0.7751260216033438,0.3080985232358009,0.2388151825776317,11,0.1515876730327803,0.22480695981169696,0.22999392976042682,30.25,0.44981412639405205
Liquor Retailer,BWS,2024-02-01,0.774746507244,0.278768118016,0.940710526831,0.8235758877429723,0.3598184895439668,0.29633783195250785,11,0.1470529527727014,0.21644137413854886,0.2857462560867808,26.75,0.4495798319327731
Liquor Retailer,BWS,2024-03-01,0.670909776156,0.19986084189,0.868244606333,0.7727197741999957,0.29789525953118373,0.23018955768018542,11,0.14818639821336238,0.20042864420692616,0.20834412869224325,32.0,0.453257790368272
Liquor Retailer,BWS,2024-04-01,0.771952380532,0.253405802479,0.903554581139,0.8543505800821625,0.32826610665331774,0.280454338640575,11,0.14946715877838176,0.20655624451582258,0.2655509656701893,28.25,0.45564516129032256
Liquor Retailer,BWS,2024-05-01,0.66251026795,0.249908376053,0.865484709542,0.7654788821175008,0.3772143439018529,0.28874961428867685,11,0.15277674556614626,0.2195672299677166,0.2660734073691259,25.0,0.45248868778280543
Liquor Retailer,BWS,2024-06-01,0.754216837581,0.240759270093,0.89873052692,0.8392024249646259,0.3192175752336521,0.2678881632274087,11,0.155931942093088,0.2226761875867898,0.25131670887269886,26.4,0.45993031358885017
Liquor Retailer,BWS,2024-07-01,0.628770223473,0.212657227589,0.832119985277,0.7556244707470786,0.33821135233534433,0.25556077410904826,11,0.16090520637455558,0.21660772207267925,0.23671590253894098,26.5,0.4649122807017544
Liquor Retailer,BWS,2024-08-01,0.615078524263,0.231828371827,0.816975399898,0.7528727601097818,0.376908577819038,0.2837642012916716,11,0.148943654540163,0.19760053294474847,0.24861765635715077,26.25,0.45652173913043476
Liquor Retailer,BWS,2024-09-01,0.751285089267,0.215058623486,0.892781227127,0.8415108499589095,0.28625434812745243,0.24088613979716605,11,0.15412683776145497,0.21695797892947125,0.2228732994192685,28.8,0.47058823529411764
Liquor Retailer,BWS,2024-10-01,0.685197399687,0.246013560504,0.828551502098,0.8269822671879674,0.3590404175736505,0.29692005853717207,11,0.15596780911378388,0.2304379837586039,0.26464635691280247,26.5,0.452991452991453
Liquor Retailer,BWS,2024-11-01,0.713323730725,0.252750192379,0.864790063788,0.824851904056877,0.35432746941155674,0.29226768780377743,11,0.15062043288499716,0.20858863806636196,0.2691324207983483,26.75,0.4403292181069959
Liquor Retailer,BWS,2024-12-01,0.657536355578,0.289594220181,0.890237963525,0.7386074089386269,0.4404231305604926,0.32529978729992404,11,0.15341162779104903,0.21376937692028472,0.3045489989464538,52.8,0.46643109540636046
Liquor Retailer,BWS,2025-01-01,0.722728595649,0.232230422582,0.886605840622,0.8151633595623151,0.32132452483557866,0.2619319791747349,11,0.15555949223357102,0.2250437642203887,0.25299996138147984,27.25,0.4698275862068966
Liquor Retailer,BWS,2025-02-01,0.781977553754,0.225112340689,0.901556817997,0.8673635850165597,0.2878757064167822,0.2496929047568348,11,0.15252992076642372,0.20838804042025375,0.23785260969672323,24.25,0.4597156398104265
Liquor Retailer,BWS,2025-03-01,0.655772116179,0.25418490659,0.875563053402,0.7489718914371701,0.3876116417865768,0.2903102244919593,11,0.1558090155987573,0.2075314942468998,0.2669226670471154,24.8,0.4679245283018868
Liquor Retailer,Cellarbrations,2023-04-01,0.32492437271,0.017514274092,0.727282159852,0.446765218022289,0.05390261723343161,0.024081814540266065,11,0.1163433543186072,0.08965289200864895,0.018378825522639343,2.8,0.03526448362720403
Liquor Retailer,Cellarbrations,2023-05-01,0.328134226638,0.026305390866,0.734557183762,0.4467102546836123,0.08016655603263323,0.035811222662445664,11,0.11931561497795144,0.09213787745637235,0.02760170572335898,2.0,0.03389830508474576
Liquor Retailer,Cellarbrations,2023-06-01,0.31109070748,0.019162327111,0.680537359963,0.4571250981678855,0.061597234022915795,0.028157641649595597,11,0.11682482645916925,0.09048337779709374,0.020098343958461495,2.0,0.032388663967611336
Liquor Retailer,Cellarbrations,2023-07-01,0.324547968735,0.01881675619,0.672733247427,0.48243188511389506,0.057978351438595074,0.027970605380317332,11,0.11709254810301424,0.0972962015472412,0.01962305882438653,2.0,0.03278688524590164
Liquor Retailer,Cellarbrations,2023-08-01,0.295605735098,0.008740854594,0.747945419777,0.3952236717836107,0.02956929976714494,0.011686487226041287,11,0.1185446286696904,0.08531261330799556,0.00908476320346237,2.0,0.031496062992125984
Liquor Retailer,Cellarbrations,2023-09-01,0.305841985388,0.013798530803,0.638493342179,0.47900575492963865,0.04511653553875144,0.021611080165549506,11,0.1107910191975089,0.08944332322247117,0.014249338488508121,2.25,0.03225806451612903
Liquor Retailer,Cellarbrations,2023-10-01,0.301884374588,0.023915715251,0.687322386011,0.43921801578447145,0.07922144126750261,0.03479548424109854,11,0.12068537820684723,0.09564833042461951,0.0252767117044878,2.0,0.029325513196480937
Liquor Retailer,Cellarbrations,2023-11-01,0.290118331813,0.037130683853,0.652870662444,0.44437336290614055,0.12798461793490915,0.05687295507199312,11,0.1145247059659297,0.08602623195612162,0.03972985853459216,2.0,0.027210884353741496
Liquor Retailer,Cellarbrations,2023-12-01,0.332851152544,0.016359480535,0.655185933372,0.5080254864919612,0.049149538494800374,0.024969218204676333,11,0.11400343011490292,0.09385552824342977,0.01802048121252995,3.6,0.028892455858747994
Liquor Retailer,Cellarbrations,2024-01-01,0.233452717514,0.03866784699,0.701808062003,0.3326446790133939,0.16563459788246462,0.05509746764612502,11,0.11773954244790204,0.07493357865617001,0.04121397813688031,2.0,0.02973977695167286
Liquor Retailer,Cellarbrations,2024-02-01,0.361972537286,0.035082361383,0.77237498544,0.4686487057575985,0.09691995322639876,0.04542141064163876,11,0.12073854710581874,0.10112447444170869,0.035960544883042685,2.0,0.03361344537815126
Liquor Retailer,Cellarbrations,2024-03-01,0.327785769645,0.032504374963,0.704709368702,0.4651361031977575,0.09916347191704825,0.04612451090705608,11,0.12027525696498263,0.09792323757255124,0.03388405460675207,2.2,0.031161473087818702
Liquor Retailer,Cellarbrations,2024-04-01,0.353198729653,0.027315000425,0.725668183931,0.48672208245329907,0.07733606644575312,0.03764117130922367,11,0.1200409625850251,0.0945076471097931,0.028624146208102268,2.0,0.03225806451612903
Liquor Retailer,Cellarbrations,2024-05-01,0.27621485192,0.022549603448,0.667194578569,0.41399444898432186,0.08163791081925975,0.033797641905850655,11,0.11777425441414086,0.09154232446793495,0.02400819820044573,1.75,0.03167420814479638
Liquor Retailer,Cellarbrations,2024-06-01,0.315543310515,0.016592953604,0.664995062954,0.47450474160411504,0.052585344233470034,0.02495199517766614,11,0.11537826806005758,0.09316151258218061,0.01732056459808943,2.0,0.03484320557491289
Liquor Retailer,Cellarbrations,2024-07-01,0.260140673715,0.026786404664,0.595197578728,0.4370660819402996,0.102968921704824,0.0450042231711449,11,0.11509204313484206,0.08961696443037416,0.029816846705378774,1.75,0.03070175438596491
Liquor Retailer,Cellarbrations,2024-08-01,0.306768129947,0.023348344875,0.680789312847,0.45060655941281325,0.07611072531893671,0.03429599207037976,11,0.12411542408740615,0.0985525320374732,0.02503925959059396,2.0,0.034782608695652174
Liquor Retailer,Cellarbrations,2024-09-01,0.329231329685,0.013153484984,0.694230700432,0.47423908144674204,0.03995210600578296,0.018946850054045377,11,0.11984972273535854,0.09507624323864983,0.01363144871722256,2.0,0.032679738562091505
Liquor Retailer,Cellarbrations,2024-10-01,0.237154824135,0.004016822111,0.592089513979,0.4005388012046626,0.016937551768769547,0.006784146680804867,11,0.11145584077841317,0.07975727803003882,0.004321051798385147,2.0,0.03418803418803419
Liquor Retailer,Cellarbrations,2024-11-01,0.343449533656,0.019861775024,0.679487860287,0.505453524233582,0.05783025765844717,0.029230507540798218,11,0.11834635935597178,0.10043079654313457,0.021149133629721522,2.0,0.03292181069958848
Liquor Retailer,Cellarbrations,2024-12-01,0.2756875578,0.022705731213,0.699455948197,0.39414570497347934,0.08236037706667951,0.03246198888082797,11,0.12053482324675101,0.08962783115433379,0.023878265619197904,3.2,0.02826855123674912
Liquor Retailer,Cellarbrations,2025-01-01,0.265663133804,0.015043746195,0.675723559089,0.3931535762378374,0.056627150254498326,0.022263166634713383,11,0.1185591261934418,0.08272238293290458,0.016389184345663717,2.0,0.034482758620689655
Liquor Retailer,Cellarbrations,2025-02-01,0.346963061487,0.017362561062,0.721458361905,0.4809190381699219,0.05004152599872808,0.024065922551863447,11,0.12205995737698438,0.09246167250503141,0.01834519798859347,2.0,0.037914691943127965
Liquor Retailer,Cellarbrations,2025-03-01,0.27068303909,0.017117078321,0.634501509486,0.4266073997353863,0.06323661201139649,0.026977206618257355,11,0.11291140621433787,0.085662769403733,0.01797485247566399,2.0,0.03773584905660377
Liquor Retailer,Dan Murphy's,2023-04-01,0.779782936318,0.427777113542,0.916237307442,0.8510709288787196,0.548584860758674,0.46688462701468775,11,0.14657051634725055,0.21515712963244035,0.4488933364333863,16.2,0.2040302267002519
Liquor Retailer,Dan Murphy's,2023-05-01,0.751916643183,0.442421372765,0.903260247477,0.8324473985025521,0.5883915149053621,0.4898049858839443,11,0.1467183961919755,0.21113312145712948,0.46422364902274244,11.0,0.1864406779661017
Liquor Retailer,Dan Murphy's,2023-06-01,0.748273778469,0.407930045177,0.876446187061,0.8537589523644317,0.5451614862298693,0.4654364993530497,11,0.15045562481649613,0.21764179181476254,0.42785609031022465,11.5,0.1862348178137652
Liquor Retailer,Dan Murphy's,2023-07-01,0.731206462659,0.398125168164,0.884555737062,0.8266369568611464,0.544477091622297,0.4500848860992631,11,0.1539612997988012,0.2192083088389487,0.4151849296162322,11.6,0.1901639344262295
Liquor Retailer,Dan Murphy's,2023-08-01,0.748587014332,0.47407136963,0.911065327149,0.8216611828205076,0.6332882624914841,0.5203483828250969,11,0.14439810452066007,0.2160442335799761,0.4927236906086934,12.75,0.20078740157480315
Liquor Retailer,Dan Murphy's,2023-09-01,0.706067654685,0.38929502083,0.820993983609,0.860015625913851,0.5513565424600527,0.4741752419654789,11,0.14245843173344158,0.2064891037599198,0.40201356237806485,14.0,0.2007168458781362
Liquor Retailer,Dan Murphy's,2023-10-01,0.774052089332,0.452988638846,0.875952239985,0.883669284692114,0.5852172548709547,0.5171385130012991,11,0.1538064662599726,0.24524883113720858,0.4787673339203149,14.4,0.21114369501466276
Liquor Retailer,Dan Murphy's,2023-11-01,0.681663482204,0.397100869328,0.817483704156,0.8338557438374556,0.5825467839997338,0.4857599818922157,11,0.14340065534562965,0.2021276644934549,0.42489821692552293,16.25,0.22108843537414966
Liquor Retailer,Dan Murphy's,2023-12-01,0.701227845143,0.354283431589,0.828444344566,0.8464392928053056,0.505232976760573,0.4276490435511388,11,0.14415067865352427,0.1977283519130918,0.39025431823469664,26.6,0.21348314606741572
Liquor Retailer,Dan Murphy's,2024-01-01,0.693283029237,0.426785262693,0.88875465634,0.7800612061961217,0.6156003316029574,0.48020593720493543,11,0.14910282775501474,0.22252976515128006,0.45488745443522877,12.75,0.1895910780669145
Liquor Retailer,Dan Murphy's,2024-02-01,0.76980752943,0.452355488458,0.90107611371,0.8543202041617461,0.587621543261527,0.5020169568090281,11,0.1408572556750083,0.21506156908630705,0.4636788746400391,10.75,0.18067226890756302
Liquor Retailer,Dan Murphy's,2024-03-01,0.748777688938,0.459534582978,0.866683411303,0.8639575641724391,0.6137129748480663,0.5302219668507567,11,0.14791994349919904,0.2236910272288878,0.4790399729587808,12.6,0.1784702549575071
Liquor Retailer,Dan Murphy's,2024-04-01,0.764178554985,0.440326106755,0.896038634644,0.8528410778722855,0.5762084055913387,0.49141419770358835,11,0.1482238612603482,0.20447615220572066,0.46142993457411113,11.0,0.1774193548387097
Liquor Retailer,Dan Murphy's,2024-05-01,0.664467262218,0.398876992556,0.855226251119,0.7769490954570138,0.6002959291395992,0.4663993791515393,11,0.15096590607341748,0.22021581132754525,0.4246778847781255,9.75,0.17647058823529413
Liquor Retailer,Dan Murphy's,2024-06-01,0.752858389462,0.419345251137,0.881849123288,0.8537269807049823,0.5570041551063384,0.475529475579064,11,0.1530029773202809,0.22227511718753493,0.43773379258226264,9.0,0.15679442508710803
Liquor Retailer,Dan Murphy's,2024-07-01,0.631769295325,0.428240627702,0.790829833804,0.798868818954519,0.6778433692028367,0.5415079317912223,11,0.15292102084656573,0.21764088505963788,0.47668902599558355,9.25,0.16228070175438597
Liquor Retailer,Dan Murphy's,2024-08-01,0.66414839327,0.339576478945,0.79582195548,0.8345439437762419,0.5112960934424033,0.4266990582588092,11,0.1450871475778695,0.2133647514710422,0.3641690086678454,9.0,0.1565217391304348
Liquor Retailer,Dan Murphy's,2024-09-01,0.747578028497,0.496960904788,0.864065076414,0.8651871819649988,0.6647612501227947,0.5751429126732704,11,0.14916937520781365,0.21588744468898388,0.5150191828494465,9.6,0.1568627450980392
Liquor Retailer,Dan Murphy's,2024-10-01,0.680863881094,0.451114099623,0.8031174546,0.8477762215155821,0.6625613608672527,0.5617037670382615,11,0.15118006489376343,0.22898058288754466,0.4852809852133531,9.25,0.1581196581196581
Liquor Retailer,Dan Murphy's,2024-11-01,0.714756576986,0.418037019292,0.848969705136,0.8419105801560967,0.5848662786074483,0.49240510793613407,11,0.14786500197946317,0.20900762798253467,0.4451324603412234,10.25,0.16872427983539096
Liquor Retailer,Dan Murphy's,2024-12-01,0.691210489459,0.417985396239,0.841772267392,0.8211371605298019,0.6047150652562446,0.4965540116141066,11,0.14505970208081606,0.22471705845455342,0.43957035440576836,21.0,0.1855123674911661
Liquor Retailer,Dan Murphy's,2025-01-01,0.717073642021,0.430085439463,0.842315551535,0.8513123623495203,0.5997786200185066,0.5105989538946901,11,0.14778853634135825,0.223282920580607,0.4685501510313735,8.75,0.15086206896551724
Liquor Retailer,Dan Murphy's,2025-02-01,0.823723796706,0.472597251214,0.904682032385,0.9105119447707268,0.5737326675566196,0.5223904469154745,11,0.1530586602684318,0.21951293489057744,0.49934396840572937,8.25,0.15639810426540285
Liquor Retailer,Dan Murphy's,2025-03-01,0.702576624099,0.44693968221,0.843825919218,0.8326084896160808,0.6361436843748758,0.5296586322261742,11,0.15016129940525053,0.22234366638182643,0.46933680518297455,8.2,0.15471698113207547
Liquor Retailer,First Choice,2023-04-01,0.307361947569,0.060083388181,0.596165153189,0.5155651012556888,0.19548089363766094,0.10078312672185319,11,0.09536856185773775,0.08480708068509724,0.06304926498164169,9.2,0.11586901763224182
Liquor Retailer,First Choice,2023-05-01,0.337123646193,0.075513888938,0.580884327189,0.5803627855211722,0.22399463754841165,0.12999815178940152,11,0.09435422083090729,0.09466204583054276,0.07923517088609715,7.5,0.1271186440677966
Liquor Retailer,First Choice,2023-06-01,0.276508889474,0.054939047691,0.525786444689,0.5258958123911953,0.19868817887016213,0.10448928123945105,11,0.09025942405089357,0.08042496194502781,0.05762264002946639,7.75,0.12550607287449392
Liquor Retailer,First Choice,2023-07-01,0.288969203433,0.059413419685,0.529203657942,0.5460453628698663,0.2056046768277005,0.11226948036612332,11,0.09211051335854899,0.0866300472246057,0.061959299342801324,7.6,0.12459016393442622
Liquor Retailer,First Choice,2023-08-01,0.282743277802,0.05843666627,0.60115240144,0.47033543761069063,0.20667747337541353,0.09720773988429698,11,0.09527886168999423,0.08160047340272455,0.06073585480155702,8.25,0.12992125984251968
Liquor Retailer,First Choice,2023-09-01,0.280697353692,0.057111648061,0.578550222571,0.4851737027161072,0.20346343600968442,0.09871510861616033,11,0.10038972152291754,0.08208978928159594,0.058977525685619,8.75,0.12544802867383512
Liquor Retailer,First Choice,2023-10-01,0.214447977315,0.052791728785,0.493370887648,0.43465875811464555,0.2461749905314093,0.10700211566326698,11,0.08662987469041039,0.06794518934976296,0.05579600253955018,8.6,0.12609970674486803
Liquor Retailer,First Choice,2023-11-01,0.283082537112,0.055522944637,0.550858921382,0.5138929880663453,0.19613694720784794,0.100793401870852,11,0.09663009785708362,0.0839399697638586,0.059409590854432204,9.25,0.12585034013605442
Liquor Retailer,First Choice,2023-12-01,0.299371014579,0.041215319488,0.559735184363,0.5348440172109168,0.13767304608951655,0.07363360503218074,11,0.09739484278144397,0.08441498399309072,0.04539996786040515,14.2,0.11396468699839485
Liquor Retailer,First Choice,2024-01-01,0.288987415713,0.06361065285,0.600561334302,0.48119550694830276,0.22011564999485372,0.10591866178652883,11,0.1007537823244851,0.092759088335199,0.06779917321258086,8.25,0.12267657992565056
Liquor Retailer,First Choice,2024-02-01,0.320516001858,0.06395959472,0.628275594755,0.5101519214398057,0.19955195481421353,0.10180181317554032,11,0.09821276442497583,0.08954273846592609,0.06556063463117709,7.5,0.12605042016806722
Liquor Retailer,First Choice,2024-03-01,0.22989220572,0.033780860586,0.508079703679,0.45247272043215436,0.14694217439952623,0.0664873253967697,11,0.08671577196602485,0.06867835995802442,0.0352147218970384,8.6,0.12181303116147309
Liquor Retailer,First Choice,2024-04-01,0.307157258018,0.075124897446,0.574974436832,0.534210285435259,0.244581221784437,0.13065780430156848,11,0.09511300948211171,0.0821880355472854,0.0787254627459151,7.25,0.11693548387096774
Liquor Retailer,First Choice,2024-05-01,0.211670268386,0.045162692425,0.471757171114,0.4486847924031873,0.21336342023548494,0.09573292191479256,11,0.0832753305814364,0.07015114594351421,0.04808398841715937,6.5,0.11764705882352941
Liquor Retailer,First Choice,2024-06-01,0.297588619618,0.065336381423,0.561740391053,0.5297618336829238,0.21955268822735602,0.11631063470533941,11,0.09746333022559284,0.0878605408734791,0.06820142103993324,7.2,0.1254355400696864
Liquor Retailer,First Choice,2024-07-01,0.230245298606,0.069151292158,0.488265390068,0.471557688276726,0.3003374773629275,0.14162644652812562,11,0.0944148016446108,0.07931817981697264,0.07697462588269764,7.25,0.12719298245614036
Liquor Retailer,First Choice,2024-08-01,0.260859272539,0.058719411168,0.483109934902,0.5399584104845948,0.2250999575229633,0.12154461526424906,11,0.08807628633364958,0.08380382218522293,0.06297194028586894,7.25,0.12608695652173912
Liquor Retailer,First Choice,2024-09-01,0.313131526694,0.06002873993,0.558541906015,0.5606231570484717,0.19170455483603088,0.1074740127527475,11,0.09642485204172173,0.09042690203916191,0.062210029578522015,7.2,0.11764705882352941
Liquor Retailer,First Choice,2024-10-01,0.234398762831,0.044594617386,0.473267073257,0.4952779858904605,0.1902510783222539,0.09422717088493417,11,0.08908852178130054,0.07883039008461026,0.04797216464388081,7.0,0.11965811965811966
Liquor Retailer,First Choice,2024-11-01,0.274010055672,0.057571429269,0.523717009064,0.5232025138188992,0.2101069945327667,0.10992850771047724,11,0.09121575965955292,0.08012544917161181,0.06130297263929687,7.5,0.12345679012345678
Liquor Retailer,First Choice,2024-12-01,0.245627991884,0.044885190925,0.578512802151,0.4245852312528213,0.18273646493107115,0.07758720422108192,11,0.09969310938451534,0.07985526934562741,0.04720308283495936,11.6,0.10247349823321555
Liquor Retailer,First Choice,2025-01-01,0.283540806911,0.053442247908,0.554705418343,0.5111556468259943,0.18848168096232748,0.09634347554714921,11,0.09732587950933301,0.0882891459968291,0.058221857870879426,6.5,0.11206896551724138
Liquor Retailer,First Choice,2025-02-01,0.329700069493,0.052437836696,0.600709808886,0.5488508171764663,0.15904709021334718,0.08729312543313475,11,0.10163110934767508,0.0878612833299837,0.0554055644698099,6.0,0.11374407582938388
Liquor Retailer,First Choice,2025-03-01,0.233472122905,0.028395003602,0.544411765393,0.42885208907353634,0.12162053117388216,0.05215721886815252,11,0.09687967179140358,0.07388667089688329,0.02981793920786825,6.0,0.11320754716981132
Liquor Retailer,Liquorland,2023-04-01,0.632305626757,0.131816269007,0.901350447127,0.7015091951997537,0.20846923296106937,0.14624308383842974,11,0.14418906474575366,0.1744652997228415,0.13832307273480032,16.4,0.20654911838790932
Liquor Retailer,Liquorland,2023-05-01,0.629791046866,0.123759979663,0.900827240519,0.6991252246137162,0.1965095888213417,0.13738481042346953,11,0.14632319793123197,0.17684107779246214,0.12985880180941228,13.0,0.22033898305084745
Liquor Retailer,Liquorland,2023-06-01,0.638556734576,0.131503267809,0.890229635946,0.7172944022442473,0.20593826779748525,0.14771836669901292,11,0.15282176827713803,0.1857296565608065,0.13792677125158587,13.5,0.21862348178137653
Liquor Retailer,Liquorland,2023-07-01,0.596159193663,0.153525839529,0.825129839692,0.7225034957959234,0.25752490469145717,0.1860626438940898,11,0.1436179285250088,0.17872250221426436,0.1601044595423912,13.6,0.22295081967213115
Liquor Retailer,Liquorland,2023-08-01,0.612255971807,0.109148755453,0.897940097461,0.6818450067417687,0.17827307609733972,0.12155460677346645,11,0.1423178384498654,0.1766987266027337,0.11344320930859396,13.5,0.2125984251968504
Liquor Retailer,Liquorland,2023-09-01,0.641575647464,0.115138788887,0.830303964016,0.7726997283751819,0.17946253001047807,0.13867064819261932,11,0.14407389449532454,0.1876284511264499,0.1189004539273876,15.25,0.21863799283154123
Liquor Retailer,Liquorland,2023-10-01,0.55468881594,0.126192018914,0.881045261445,0.6295803861770465,0.22750056479893052,0.14322989344160686,11,0.15470073834193246,0.1757462910171404,0.13337335923344698,14.8,0.21700879765395895
Liquor Retailer,Liquorland,2023-11-01,0.655138458825,0.139043048938,0.869158417155,0.7537618527235259,0.21223460028186358,0.15997434552049444,11,0.15246528583450827,0.19426243309086225,0.14877616276595418,15.5,0.2108843537414966
Liquor Retailer,Liquorland,2023-12-01,0.62529483073,0.140045326575,0.833789661908,0.7499431322992283,0.22396687081437114,0.16796241662978612,11,0.1450807726634863,0.17631718020952983,0.1542643222104857,25.0,0.20064205457463882
Liquor Retailer,Liquorland,2024-01-01,0.598732329777,0.149568160536,0.882982781773,0.678079280973934,0.2498080579542234,0.16938966831909463,11,0.1481345033549705,0.1921809118570068,0.15941665694234994,14.0,0.20817843866171004
Liquor Retailer,Liquorland,2024-02-01,0.623882902206,0.120162107285,0.895841989324,0.6964206965525028,0.19260362298776967,0.13413314927967823,11,0.1400390513239485,0.1742945226502127,0.12317001142223918,12.5,0.21008403361344538
Liquor Retailer,Liquorland,2024-03-01,0.637876197449,0.137298040073,0.863797654539,0.7384555793792101,0.21524245711328233,0.1589469933745937,11,0.14742742111799695,0.1905601408271106,0.1431257882217154,15.2,0.21529745042492918
Liquor Retailer,Liquorland,2024-04-01,0.632038617572,0.101330133962,0.870169406081,0.7263397370157213,0.16032269412787387,0.11644874349049184,11,0.1439445402610279,0.16911862250450396,0.10618665658742625,13.5,0.21774193548387097
Liquor Retailer,Liquorland,2024-05-01,0.559347994994,0.16047988703,0.811975745366,0.6888727873784857,0.28690526911019215,0.19764123244551263,11,0.14333125760397208,0.18537748890874195,0.17086034102045822,12.25,0.22171945701357465
Liquor Retailer,Liquorland,2024-06-01,0.602278278626,0.163937447214,0.846131160884,0.7118025035229368,0.2721955166438953,0.19374945019484388,11,0.1468058235812721,0.17781760399424762,0.1711262028618858,12.8,0.22299651567944254
Liquor Retailer,Liquorland,2024-07-01,0.519519946159,0.097084214264,0.799509392544,0.6497984276406219,0.18687292948380313,0.1214297357471721,11,0.1545993679780012,0.17897163050637716,0.10806769966080115,12.25,0.2149122807017544
Liquor Retailer,Liquorland,2024-08-01,0.492429203009,0.132301658007,0.747275825373,0.6589657878511,0.2686714297173435,0.1770452803567707,11,0.136236650937675,0.15819813099266986,0.141883100358447,13.0,0.22608695652173913
Liquor Retailer,Liquorland,2024-09-01,0.601629595281,0.104370984483,0.815037201703,0.7381621280892576,0.17348046921503585,0.1280567123376938,11,0.14070536290360297,0.17374009270392016,0.1081635569795125,13.6,0.2222222222222222
Liquor Retailer,Liquorland,2024-10-01,0.541219066319,0.110091805064,0.78612570259,0.6884637718063139,0.2034144987033971,0.14004351301743131,11,0.14798151136112983,0.18201678884250835,0.1184300372566995,13.75,0.23504273504273504
Liquor Retailer,Liquorland,2024-11-01,0.588138122368,0.113264909158,0.816527833254,0.720291579068617,0.19258215859561262,0.13871530711527663,11,0.1422146031242049,0.1719821234812438,0.12060627493999203,14.25,0.2345679012345679
Liquor Retailer,Liquorland,2024-12-01,0.525812494178,0.108666620401,0.814189935455,0.6458106042346939,0.20666420369275929,0.13346593426050274,11,0.14030653426041298,0.17094508661582009,0.11427821467339537,24.6,0.21731448763250888
Liquor Retailer,Liquorland,2025-01-01,0.578165209009,0.134362173062,0.839098577236,0.6890313303992036,0.2323940821210991,0.16012680358080272,11,0.14722410188181329,0.1800295100539283,0.14637886034856024,13.5,0.23275862068965517
Liquor Retailer,Liquorland,2025-02-01,0.667290628247,0.129190114724,0.84530412637,0.7894089327501032,0.19360396992744788,0.1528327032766097,11,0.14301280722961174,0.1778252914596285,0.13650164997650877,12.25,0.23222748815165878
Liquor Retailer,Liquorland,2025-03-01,0.577560789687,0.136450072688,0.813091472366,0.7103269549812967,0.23625231339188899,0.16781638637894752,11,0.14469201436589677,0.1827800401160163,0.1432878836484251,12.0,0.22641509433962265
Social Media Platforms,Facebook,2023-08-01,0.787423886678,0.481561430387,0.942749788038,0.8352416480694672,0.6115656872166035,0.5108051324935322,10,0.1723102324446577,0.2974912553209639,0.5295824047523066,65.75,0.48613678373382624
Social Media Platforms,Facebook,2023-09-01,0.792801895229,0.505915105072,0.952851746156,0.832030689377782,0.6381355898825986,0.530948394766516,10,0.17350839301526055,0.30559598929404336,0.5472633041907209,66.25,0.4898336414048059
Social Media Platforms,Facebook,2023-10-01,0.772523050129,0.465722887075,0.941826490874,0.8202392453541106,0.6028595353850362,0.4944890503587519,10,0.18082509594814813,0.32854947851666333,0.5401929989679589,65.2,0.4780058651026393
Social Media Platforms,Facebook,2023-11-01,0.793724791158,0.492074360828,0.927490899083,0.8557763660460139,0.6199558919031508,0.5305436002816939,10,0.17594254396049844,0.3098246885982618,0.5422458958487563,64.75,0.4823091247672253
Social Media Platforms,Facebook,2023-12-01,0.773080459362,0.447931531305,0.910064805898,0.8494784704910859,0.5794112706905882,0.4921974000115374,10,0.1704519960140073,0.32096762732864503,0.5228395741079324,65.8,0.47474747474747475
Social Media Platforms,Facebook,2024-01-01,0.744704278355,0.504456313468,0.917839479949,0.8113665783873011,0.677391453399877,0.5496127857738592,10,0.16694404515334058,0.29661130686078085,0.5550941696008831,62.75,0.46139705882352944
Social Media Platforms,Facebook,2024-02-01,0.818609694998,0.472436148017,0.957295526048,0.8551274634881704,0.5771201476158357,0.4935112879586481,10,0.14986996852952386,0.2826707068675946,0.506449020927947,57.0,0.44271844660194176
Social Media Platforms,Facebook,2024-03-01,0.781584290102,0.462216922463,0.928278618445,0.8419716608481901,0.5913846124039658,0.4979290843058302,10,0.1378453834804522,0.23648316808047776,0.502406186503005,57.0,0.4357798165137614
Social Media Platforms,Facebook,2024-04-01,0.765815933283,0.487086280675,0.924585932869,0.8282798883892436,0.6360357097650016,0.5268155866957288,10,0.14230418816625762,0.25419512152349394,0.5240490741100031,55.25,0.431640625
Social Media Platforms,Facebook,2024-05-01,0.72054041699,0.44317891598,0.925038880724,0.7789298720352757,0.6150646175149265,0.4790922038143275,10,0.1448101272411152,0.2518311708328796,0.4837221744682097,53.0,0.42063492063492064
Social Media Platforms,Facebook,2024-06-01,0.77857847012,0.463360997282,0.892787739728,0.8720756742887225,0.5951371827820817,0.5190046599689746,10,0.13178289101317675,0.2387236526559981,0.496598533848186,50.6,0.4093851132686084
Social Media Platforms,Facebook,2024-07-01,0.753465570692,0.473762244589,0.897313596739,0.8396903528824596,0.6287775619978042,0.5279784529185089,10,0.15029435248104522,0.289123142516772,0.5190070765086351,50.25,0.4036144578313253
Social Media Platforms,Facebook,2024-08-01,0.729960181365,0.459534072508,0.862831379569,0.8460056027744707,0.6295330680211726,0.532588502677714,10,0.14411971434233356,0.2686958502287792,0.49405527648290665,50.0,0.4
Social Media Platforms,Facebook,2024-09-01,0.752198372223,0.445212662845,0.879811977822,0.8549535482400328,0.5918819812508319,0.5060316000097393,10,0.14258450104339113,0.2772082003212865,0.4742785394340748,50.8,0.4038155802861685
Social Media Platforms,Facebook,2024-10-01,0.748087784128,0.479107796137,0.896362949953,0.8345813313314939,0.6404432825961281,0.5345020074313888,10,0.142242299484497,0.27537596332336484,0.543349976899253,46.25,0.3714859437751004
Social Media Platforms,Facebook,2024-11-01,0.737570453064,0.476124406204,0.909391138851,0.8110596437039266,0.6455307479117334,0.5235639384012197,10,0.14020676312790495,0.27611380931634355,0.5377067581157892,44.75,0.37060041407867494
Social Media Platforms,Facebook,2024-12-01,0.798370437096,0.484490164292,0.900313308352,0.8867695608736432,0.6068488282886438,0.5381350689782056,10,0.14680831658970997,0.29525158155305936,0.5265841824038949,47.4,0.3810289389067524
Social Media Platforms,Facebook,2025-01-01,0.774816706924,0.439606550661,0.896080551706,0.8646730536098208,0.567368445636937,0.49058820641074796,10,0.14043340077509278,0.27454786586823,0.4774281586958354,46.75,0.3534971644612476
Social Media Platforms,Facebook,2025-02-01,0.724836452539,0.426701394173,0.8984634578,0.8067511775201771,0.5886864446156442,0.47492348238383747,12,0.13757925502668006,0.26100576300561773,0.4951344363526412,46.25,0.37449392712550605
Social Media Platforms,Facebook,2025-03-01,0.70036434521,0.351775750062,0.896723344837,0.781026109381938,0.502275354917621,0.39229016628974156,12,0.13683016313378626,0.23546776322005297,0.4034721900741564,44.4,0.3724832214765101
Social Media Platforms,Instagram,2023-08-01,0.605600868429,0.230928050398,0.910227365784,0.6653292256351597,0.3813205403701857,0.2537036998432763,10,0.16636597638715947,0.22879793923000716,0.25395603662912475,21.0,0.15526802218114602
Social Media Platforms,Instagram,2023-09-01,0.577321423873,0.212693496091,0.908917000839,0.6351750746658805,0.3684143482224013,0.23400761114014548,10,0.16550814839353387,0.22253618808284306,0.23007683361039657,21.25,0.15711645101663585
Social Media Platforms,Instagram,2023-10-01,0.537520377455,0.220787071107,0.880274102157,0.6106284123750484,0.4107510717125953,0.2508162748012117,10,0.16900740266447273,0.22860423345999883,0.2560914083989079,20.8,0.15249266862170088
Social Media Platforms,Instagram,2023-11-01,0.548375284529,0.207033617971,0.857914663602,0.639195607435613,0.377540023797428,0.2413219248424528,10,0.1627441180979646,0.2140542964725919,0.2281426113292958,20.5,0.1527001862197393
Social Media Platforms,Instagram,2023-12-01,0.543438332208,0.264013371568,0.856320850458,0.634619993098783,0.48582029628883333,0.3083112730780681,10,0.1603859387188935,0.22562478455630136,0.30816459459162787,20.8,0.15007215007215008
Social Media Platforms,Instagram,2024-01-01,0.568266649516,0.194485553304,0.910141155454,0.6243719956082363,0.3422434757866678,0.2136872419608209,10,0.16554381182259548,0.2263372434634898,0.21400821801291706,21.0,0.15441176470588236
Social Media Platforms,Instagram,2024-02-01,0.594441780362,0.260249946264,0.89830418428,0.6617377395814439,0.437805610005263,0.2897124947409579,10,0.1406345440511677,0.2052642172127811,0.27898654883878793,20.25,0.15728155339805824
Social Media Platforms,Instagram,2024-03-01,0.637724901712,0.221887113377,0.897807052925,0.7103139807538064,0.34793546995159585,0.24714342870676442,10,0.13332048702060445,0.19295577844967118,0.24117995912367776,20.6,0.15749235474006115
Social Media Platforms,Instagram,2024-04-01,0.557767034329,0.198044382714,0.882122545758,0.6323010754131851,0.3550664892776419,0.22450892301343714,10,0.13576859464833574,0.18513803762903022,0.21307308276089088,19.25,0.150390625
Social Media Platforms,Instagram,2024-05-01,0.536987075487,0.22105349974,0.86586721203,0.6201725484304339,0.4116551586265348,0.2552972287999526,10,0.13554710376047965,0.18767869331595297,0.24127609801019087,19.25,0.1527777777777778
Social Media Platforms,Instagram,2024-06-01,0.606780587618,0.161649203244,0.92094713378,0.6588658190698604,0.26640470467022687,0.17552495394661327,10,0.13593945162912158,0.18604788572511657,0.17324452813157876,18.8,0.15210355987055016
Social Media Platforms,Instagram,2024-07-01,0.509400399145,0.235708403378,0.843360265581,0.6040128044141001,0.46271735117134444,0.27948720493206775,10,0.14125751073468568,0.19546937501714323,0.25821882335064883,19.5,0.1566265060240964
Social Media Platforms,Instagram,2024-08-01,0.505344837401,0.181569651386,0.801750422587,0.6303019283362632,0.3592985184528981,0.22646654902922414,10,0.1339172920841173,0.18601570909015122,0.1952095604724795,19.5,0.156
Social Media Platforms,Instagram,2024-09-01,0.559759475501,0.220082957841,0.834481805684,0.6707869143320409,0.393174153316511,0.26373607709829516,10,0.13523818144393757,0.20628855704358948,0.23445115673967354,19.6,0.15580286168521465
Social Media Platforms,Instagram,2024-10-01,0.524467235481,0.180647328659,0.856596176836,0.6122689426635302,0.34443968362165556,0.21088972090239191,10,0.1359317784488641,0.1930597895947072,0.2048698072650695,20.25,0.16265060240963855
Social Media Platforms,Instagram,2024-11-01,0.551593508483,0.216501810533,0.873856329189,0.6312176155946796,0.3925024627799305,0.24775446867098722,10,0.13472812975638324,0.2064922533009772,0.24450434624017015,18.5,0.15320910973084886
Social Media Platforms,Instagram,2024-12-01,0.483199234733,0.144957041803,0.77890515837,0.6203569581490279,0.29999435301899535,0.1861035843007496,10,0.1270110682831684,0.1786956676139944,0.15755136216865487,18.2,0.1463022508038585
Social Media Platforms,Instagram,2025-01-01,0.615443981421,0.23669041615,0.876369789028,0.7022651729056084,0.3845848254190495,0.270080528919782,10,0.13734433759938566,0.2180758754304402,0.25705410757308494,20.0,0.15122873345935728
Social Media Platforms,Instagram,2025-02-01,0.54717845876,0.184064748391,0.861256239634,0.6353259733625028,0.33638887906538245,0.21371659202053536,12,0.13188181534512883,0.19703304190707413,0.21358448013417644,20.0,0.16194331983805668
Social Media Platforms,Instagram,2025-03-01,0.615248093028,0.232991993486,0.863594047531,0.7124274360007267,0.37869600267968084,0.26979342221280933,12,0.13177499513689234,0.20685103872223465,0.2672321496435488,18.8,0.15771812080536915
Social Media Platforms,Reddit,2023-08-01,0.208394834442,0.018517979769,0.553664773488,0.3763917164697795,0.08886007092538507,0.03344619462123204,10,0.1011955738697982,0.07873223298076909,0.020364579965094984,36.25,0.2680221811460259
Social Media Platforms,Reddit,2023-09-01,0.180575985941,0.019956484809,0.54433455627,0.3317371345636762,0.11051571838306577,0.03666216774064444,10,0.09911994652064154,0.06960540508098498,0.021587518749911543,36.25,0.2680221811460259
Social Media Platforms,Reddit,2023-10-01,0.157126814205,0.016493326156,0.511693657089,0.3070720381778556,0.10496824644125674,0.03223281337867215,10,0.09824214495529171,0.06682510361265849,0.019130645210767835,38.6,0.2829912023460411
Social Media Platforms,Reddit,2023-11-01,0.187838363718,0.010793527835,0.502904166096,0.3735072731176049,0.05746178587460559,0.021462394950491643,10,0.0953995758219781,0.07332133655650377,0.011894027887187228,37.5,0.27932960893854747
Social Media Platforms,Reddit,2023-12-01,0.191669309269,0.03151555093,0.530383339435,0.3613788273839428,0.16442669434243756,0.05942032599208806,10,0.09933896825079848,0.07957728420475342,0.036785928371714335,40.2,0.2900432900432901
Social Media Platforms,Reddit,2024-01-01,0.181655754832,0.022313128104,0.543682367019,0.33412110793295546,0.12283193628870039,0.04104074264233077,10,0.09888933262463104,0.07235241209909637,0.024552943407405093,41.0,0.3014705882352941
Social Media Platforms,Reddit,2024-02-01,0.182714999412,0.007735474096,0.489863263876,0.3729918385107788,0.04233628394435998,0.015791088384121195,10,0.07669083364877734,0.06309255601868771,0.00829238680989272,39.5,0.3067961165048544
Social Media Platforms,Reddit,2024-03-01,0.253328537417,0.04388014633,0.587726110032,0.4310316201592728,0.17321438309877266,0.07466087618195294,10,0.08727480026906986,0.07664935932341702,0.047695477836196834,41.0,0.3134556574923547
Social Media Platforms,Reddit,2024-04-01,0.207753021175,0.023840654194,0.579988927373,0.3582017024290375,0.11475478940890063,0.041105360928153895,10,0.08926682801578732,0.06895887401827766,0.025649814524089733,41.25,0.322265625
Social Media Platforms,Reddit,2024-05-01,0.204780420837,0.020454250989,0.485736891054,0.4215871279462574,0.09988382143857916,0.042109733408587396,10,0.07603963732225044,0.07157140935752286,0.02232546361922172,41.5,0.32936507936507936
Social Media Platforms,Reddit,2024-06-01,0.196636798231,0.023527086591,0.560751094013,0.35066681158617824,0.11964742511399848,0.04195638107922187,10,0.08277152229974469,0.060291745176372286,0.025214717629113197,42.2,0.3414239482200647
Social Media Platforms,Reddit,2024-07-01,0.148184746789,0.029586405845,0.46354229532,0.3196790201996621,0.19965891555038406,0.06382676649727385,10,0.07764040283785088,0.05686210668569666,0.032411941173853466,43.25,0.3473895582329317
Social Media Platforms,Reddit,2024-08-01,0.15147837837,0.02023290873,0.475737068693,0.31840776836280377,0.13356961533202608,0.04252960313894856,10,0.07946290789324652,0.05575867383792534,0.02175284905882478,42.5,0.34
Social Media Platforms,Reddit,2024-09-01,0.162270501592,0.00935338802,0.493857209437,0.32857777205882904,0.057640716755269626,0.018939458291320512,10,0.08003571850496279,0.05980166319505808,0.009964027484164792,43.4,0.3449920508744038
Social Media Platforms,Reddit,2024-10-01,0.179622583027,0.038467909825,0.510565834823,0.35181081611007226,0.2141596517360943,0.07534368185512419,10,0.08102081683234828,0.06612023733731738,0.04362596076144739,45.75,0.3674698795180723
Social Media Platforms,Reddit,2024-11-01,0.189786730054,0.022917547825,0.552566978843,0.34346375610679375,0.12075421615873391,0.041474696647610436,10,0.0851928550929462,0.07104777147079598,0.02588172373517108,45.25,0.3747412008281574
Social Media Platforms,Reddit,2024-12-01,0.159022911765,0.031483368783,0.495935519338,0.3206523944428741,0.19798007993669064,0.06348278668369148,10,0.08086902421150198,0.05880949997669209,0.034218742157837684,46.4,0.3729903536977492
Social Media Platforms,Reddit,2025-01-01,0.231458824298,0.045056401712,0.52123884835,0.44405520622779954,0.19466270879346778,0.08644098929814542,10,0.08168835262691845,0.08201491485600948,0.0489328352238506,47.5,0.3591682419659735
Social Media Platforms,Reddit,2025-02-01,0.167959063411,0.010334878029,0.541790408855,0.3100074506043002,0.06153212466843958,0.019075417098728925,12,0.08296288533914294,0.0604802412264693,0.011992353616701645,45.25,0.36639676113360325
Social Media Platforms,Reddit,2025-03-01,0.241812881958,0.031055237599,0.54058111945,0.44732025085157645,0.128426729575118,0.057447876889589355,12,0.08248675936370725,0.08129931059721796,0.03561906903796931,43.4,0.3640939597315436
Social Media Platforms,Snapchat,2023-08-01,0.288052373093,0.040908766627,0.779398241056,0.3695830423003269,0.14201850235683453,0.05248763016397505,10,0.14245380246948774,0.10882710509474491,0.04498816067633811,4.0,0.029574861367837338
Social Media Platforms,Snapchat,2023-09-01,0.276259158213,0.030012686806,0.794577693029,0.3476804856676454,0.10863960854778165,0.03777187186263561,10,0.14468766961850488,0.10648775092957578,0.03246560931750652,3.5,0.025878003696857672
Social Media Platforms,Snapchat,2023-10-01,0.267613732803,0.029640648403,0.735563281669,0.363821494998747,0.11075907089125182,0.040296530756327435,10,0.14122378407545325,0.11381453581435694,0.03438025314309471,3.8,0.027859237536656888
Social Media Platforms,Snapchat,2023-11-01,0.284192721339,0.039051041425,0.719304737215,0.3950936322751547,0.1374104207912414,0.054289982262869005,10,0.13645018562831154,0.11093255794906992,0.04303265649869459,3.75,0.027932960893854747
Social Media Platforms,Snapchat,2023-12-01,0.202568639241,0.029849271709,0.740195349196,0.2736691597171341,0.14735386395861463,0.04032620813062696,10,0.13863603327265048,0.08410246918158222,0.03484099559211207,4.0,0.02886002886002886
Social Media Platforms,Snapchat,2024-01-01,0.271255521305,0.049993463356,0.732200280617,0.370466289737587,0.18430394749379975,0.06827839961201904,10,0.1331784907698732,0.10803946882808754,0.05501185987006461,3.5,0.025735294117647058
Social Media Platforms,Snapchat,2024-02-01,0.257971817123,0.028577720636,0.732500825561,0.35217955819425495,0.11077846004540198,0.03901390911622959,10,0.11467710094486833,0.08907917453659575,0.030635163497128904,4.0,0.031067961165048542
Social Media Platforms,Snapchat,2024-03-01,0.336951077781,0.036284344166,0.80981454062,0.4160842524796205,0.1076843095589766,0.04480574544663083,10,0.12025397728841915,0.10195094677681323,0.03943922884749393,4.0,0.030581039755351678
Social Media Platforms,Snapchat,2024-04-01,0.284451022147,0.042100032656,0.735403410079,0.386795897664444,0.1480045047412181,0.05724753526976091,10,0.11318686725122067,0.0944170250312861,0.04529481533087669,4.0,0.03125
Social Media Platforms,Snapchat,2024-05-01,0.295036910743,0.052223015039,0.710075999675,0.41550046879212593,0.1770050225495016,0.07354566984787873,10,0.1111587826268663,0.10311634006834156,0.05700052389922609,4.0,0.031746031746031744
Social Media Platforms,Snapchat,2024-06-01,0.324055846547,0.056065296851,0.790251944066,0.41006649712200594,0.1730112184316615,0.07094610430508166,10,0.11664775532147081,0.09936030640599168,0.06008693951214328,4.0,0.032362459546925564
Social Media Platforms,Snapchat,2024-07-01,0.249725616761,0.051719879688,0.692837719145,0.360438829844852,0.20710682531819927,0.0746493417705739,10,0.11604593617188888,0.09582581858195316,0.05665918688293565,4.0,0.0321285140562249
Social Media Platforms,Snapchat,2024-08-01,0.250227074548,0.033559388898,0.641870142493,0.38984065153136305,0.1341157385091934,0.052283766881033866,10,0.10721230563864355,0.0921077317124448,0.03608044354602266,5.0,0.04
Social Media Platforms,Snapchat,2024-09-01,0.205706664829,0.034259997554,0.716337724777,0.2871643607671754,0.1665478247021295,0.0478265996177506,10,0.11609146003983008,0.07580922328084448,0.036496674414184575,4.0,0.03179650238473768
Social Media Platforms,Snapchat,2024-10-01,0.229443563967,0.027771603852,0.725488396975,0.3162608319081174,0.12103893163023866,0.03827987321064902,10,0.11512650968054462,0.08445966341959124,0.03149541801053167,4.0,0.0321285140562249
Social Media Platforms,Snapchat,2024-11-01,0.205890873743,0.024625200221,0.713219917695,0.2886779640260226,0.11960316537263334,0.03452679827083947,10,0.1099617664899537,0.07707645177011609,0.02781024540277995,4.0,0.033126293995859216
Social Media Platforms,Snapchat,2024-12-01,0.234229058485,0.045001234882,0.705121485406,0.33218255766257626,0.19212490189333992,0.0638205413016012,10,0.11497963798089027,0.08662207009434215,0.04891108266796841,3.8,0.030546623794212215
Social Media Platforms,Snapchat,2025-01-01,0.216396332099,0.014649489343,0.697752717939,0.3101332700475674,0.06769749376481089,0.020995245115305608,10,0.10935153864648008,0.0766776847073339,0.01590986010637543,4.0,0.030245746691871456
Social Media Platforms,Snapchat,2025-02-01,0.249725171275,0.043500422586,0.696030489296,0.3587848163484685,0.1741931835061067,0.06249786935339356,12,0.1065812475308434,0.08992333186613974,0.05047688503564699,4.0,0.032388663967611336
Social Media Platforms,Snapchat,2025-03-01,0.24830001368,0.031001271047,0.699234236322,0.3551027692609389,0.1248540851349018,0.04433603138494466,12,0.10669548771707184,0.08348033309892051,0.03555717164190846,4.0,0.03355704697986577
Social Media Platforms,TikTok,2023-08-01,0.314651675817,0.090427317848,0.865262395473,0.36364885087256577,0.28738864210147136,0.10450854945402713,10,0.15814754495979197,0.11887640648361802,0.09944466774002213,8.25,0.06099815157116451
Social Media Platforms,TikTok,2023-09-01,0.353575587626,0.10569755248,0.876657281315,0.4033224786493884,0.29893905625578204,0.12056884113419097,10,0.1596338535556296,0.13629039251928085,0.11433616279720434,8.0,0.059149722735674676
Social Media Platforms,TikTok,2023-10-01,0.31395884442,0.075958791988,0.825428850978,0.38035845736190277,0.24193869144958932,0.09202342745592317,10,0.15847743997724806,0.13352483734001275,0.0881047695544609,8.0,0.05865102639296187
Social Media Platforms,TikTok,2023-11-01,0.350113090835,0.10134635991,0.832042082445,0.4207877200227349,0.2894674965403169,0.12180436788988884,10,0.15783615862139438,0.13666409384022363,0.11167955921933782,7.75,0.05772811918063315
Social Media Platforms,TikTok,2023-12-01,0.266826809307,0.053760958169,0.816110498532,0.32694936505162187,0.20148259580297587,0.06587460676673554,10,0.15285467863522365,0.11078118306291042,0.06275145755161213,7.8,0.05627705627705628
Social Media Platforms,TikTok,2024-01-01,0.334547622687,0.088006567123,0.861293655116,0.38842457586889195,0.26306140338452866,0.10217951403711105,10,0.15665903460369876,0.13324833824179447,0.09684075903564833,7.75,0.05698529411764706
Social Media Platforms,TikTok,2024-02-01,0.307942155785,0.067270690772,0.830848832613,0.3706356002409357,0.21845236031590054,0.08096622168973297,10,0.13007403148592422,0.10633422421205206,0.07211382029429328,8.0,0.062135922330097085
Social Media Platforms,TikTok,2024-03-01,0.39031758945,0.102872710775,0.895626480713,0.4358039850935088,0.2635615548865191,0.11486117593698657,10,0.13299668142302054,0.11809799823205921,0.11181738228078739,8.2,0.06269113149847094
Social Media Platforms,TikTok,2024-04-01,0.326398171176,0.100909937236,0.836248926612,0.39031221540502037,0.30916207916369565,0.12066973603760434,10,0.12870812801267847,0.10834042382932395,0.10856753982834672,8.25,0.064453125
Social Media Platforms,TikTok,2024-05-01,0.354643520826,0.110478683861,0.808018937806,0.4389049615457745,0.3115203785584019,0.1367278397719005,10,0.12649125094648772,0.12394904015376804,0.1205855857818844,8.25,0.06547619047619048
Social Media Platforms,TikTok,2024-06-01,0.480939646165,0.155261126619,0.898894666771,0.5350344861791497,0.3228287122033879,0.17272449415761623,10,0.13268432420398008,0.14746319535639935,0.1663982257783528,8.0,0.06472491909385113
Social Media Platforms,TikTok,2024-07-01,0.282042098905,0.057209404268,0.77709042849,0.3629463040138699,0.20283994655446738,0.07362000890831485,10,0.13015773213909482,0.1082264420954857,0.06267296728909647,7.5,0.060240963855421686
Social Media Platforms,TikTok,2024-08-01,0.317810387763,0.097851884636,0.810056505285,0.39233113454373864,0.3078939153775265,0.12079636913917881,10,0.13530466659793888,0.1169849185360123,0.10520273209419274,8.0,0.064
Social Media Platforms,TikTok,2024-09-01,0.325042874587,0.117588007246,0.785626285727,0.41373726986007475,0.36176152883033513,0.14967422727866958,10,0.1273205352742083,0.11978828141468927,0.12526478464295684,8.0,0.06359300476947535
Social Media Platforms,TikTok,2024-10-01,0.300884902989,0.079108748583,0.800886358701,0.37568988373958717,0.2629202987492268,0.09877649646987455,10,0.1270912829377533,0.11075768348046715,0.08971621222129048,8.25,0.06626506024096386
Social Media Platforms,TikTok,2024-11-01,0.302223985751,0.077434149704,0.817047536062,0.369897677199612,0.2562144414566665,0.09477312675981692,10,0.1259695476004112,0.1131393152014402,0.08744955113044725,8.25,0.06832298136645963
Social Media Platforms,TikTok,2024-12-01,0.312172450761,0.117843183568,0.799554646685,0.39043291419202564,0.37749386046311,0.14738602803020992,10,0.13037824789702213,0.11544692228301646,0.1280817672773797,8.6,0.06913183279742764
Social Media Platforms,TikTok,2025-01-01,0.317883878357,0.116559890856,0.835790927565,0.38033899133498067,0.36667443299876074,0.13946058399507463,10,0.1309848339766576,0.11263869198601432,0.12658813656323561,14.0,0.10586011342155009
Social Media Platforms,TikTok,2025-02-01,0.355022405196,0.117054401195,0.8298358857,0.4278224300899259,0.3297098985354935,0.14105729001615772,12,0.1270705023758744,0.1278397263654256,0.13582722191618654,8.0,0.06477732793522267
Social Media Platforms,TikTok,2025-03-01,0.360627826688,0.139939072379,0.833845376977,0.43248764896366054,0.38804291300590454,0.1678237671429339,12,0.1272356737638584,0.12124578911804922,0.16050430991832082,8.6,0.07214765100671142
